Steps,Policy/Extrinsic Value Estimate,Policy/GAIL Value Estimate,Policy/Entropy,Losses/Value Loss,Losses/Policy Loss,Policy/Learning Rate,Losses/GAIL Loss,Policy/GAIL Policy Estimate,Policy/GAIL Expert Estimate,Losses/Pretraining Loss,Environment/Episode Length,Environment/Cumulative Reward,Policy/Extrinsic Reward,Policy/GAIL Reward,Is Training
30000,-0.04493936,0.17143147,1.4167807,0.013386062,0.02754374,0.00029729668,1.4752489,0.36519182,0.61959964,0.42840576,842.0,4.156999804079533,4.156999804079533,10.121985137462616,1.0
40000,-0.042992786,0.31410623,1.4148514,0.0146455215,0.02364273,0.00029600222,1.1502349,0.32591358,0.6539204,0.42591825,999.0,-1.0000000447034836,-1.0000000447034836,9.288792463079576,1.0
50000,-0.050376683,0.417917,1.4132931,0.005864783,0.02179167,0.00029468897,1.0807106,0.31891406,0.66053486,0.43102673,430.0,4.569599911570549,4.569599911570549,7.311908960342407,1.0
60000,-0.038257714,0.53200865,1.4138615,0.022936022,0.026818784,0.0002934593,0.9643238,0.2929379,0.6877202,0.42462647,831.0,1.6684001833200455,1.6684001833200455,9.396486930549145,1.0
70000,-0.03970419,0.61241835,1.4145857,0.005439683,0.0239355,0.0002921556,0.98067,0.2945296,0.68988353,0.42891145,999.0,-1.0000000447034836,-1.0000000447034836,11.903933511211955,1.0
80000,-0.04817112,0.64625144,1.4140683,0.004725469,0.021570677,0.0002908577,0.90467435,0.2805459,0.7099198,0.42593303,999.0,-0.9994000419974327,-0.9994000419974327,13.18649509549141,1.0
90000,-0.051301446,0.726624,1.4136689,0.004839676,0.022710405,0.000289627,0.9001265,0.28517225,0.7105783,0.43393514,999.0,-0.9992000460624695,-0.9992000460624695,11.431323528289795,1.0
100000,-0.05902019,0.74991685,1.4126301,0.005517317,0.027696552,0.00028831564,0.91063,0.29037848,0.7078225,0.42134896,999.0,-1.0000000447034836,-1.0000000447034836,10.90718932847182,1.0
110000,-0.06723112,0.77549595,1.4105524,0.005695617,0.029188262,0.00028701773,0.8733263,0.28996134,0.714261,0.42436373,999.0,-0.9994000419974327,-0.9994000419974327,8.682493418455124,1.0
120000,-0.07760345,0.7894309,1.4086759,0.0037632773,0.026961097,0.00028578695,0.80921906,0.27193156,0.73651475,0.41551903,999.0,-0.9992000460624695,-0.9992000460624695,12.651672810316086,1.0
130000,-0.0785656,0.8852265,1.4085932,0.0073743532,0.021817865,0.00028447562,0.90114754,0.30263358,0.71522343,0.4272752,999.0,-1.0000000447034836,-1.0000000447034836,11.511496043701966,1.0
140000,-0.08039341,0.92518955,1.409811,None,None,None,None,None,None,None,None,None,None,None,1.0
150000,-0.0791884,0.9209072,1.4090264,0.005806184,0.02285186,0.00028317777,0.85069364,0.29329643,0.7259468,0.422946,999.0,-0.9993000440299511,-0.9993000440299511,10.77910515666008,1.0
160000,-0.08201449,0.95511514,1.4075063,0.00576653,0.020770214,0.00028194702,0.8267927,0.28592893,0.72938365,0.43025282,999.0,-1.0000000447034836,-1.0000000447034836,11.315252964198589,1.0
170000,-0.07952218,1.0124558,1.4060113,0.006948028,0.017939296,0.00028063558,0.8642777,0.29761037,0.7248301,0.0,None,None,None,None,1.0
180000,-0.07758009,0.9710587,1.4042946,0.0071162526,0.017058859,0.00027933772,0.85343605,0.30023143,0.72392315,0.0,999.0,-0.9994000419974327,-0.9994000419974327,13.160565674304962,1.0
190000,-0.07728794,0.9786096,1.4035178,0.0049425117,0.026744371,0.00027810695,0.7873777,0.27232262,0.74203956,0.0,910.0,0.7559999550382296,0.7559999550382296,14.986095011234283,1.0
200000,-0.07984433,1.0100822,1.4036251,0.014880515,0.029098872,0.00027678921,0.81024146,0.2796306,0.7421249,0.0,999.0,-1.0000000447034836,-1.0000000447034836,10.966094862669706,1.0
210000,-0.07786989,0.9445338,1.403084,0.00523444,0.024085592,0.00027549904,0.7788767,0.27498654,0.7454494,0.0,999.0,-0.9994000419974327,-0.9994000419974327,6.930714547634125,1.0
220000,-0.08102926,0.9913188,1.4025451,0.0041038077,0.028841967,0.0002742683,0.6997416,0.24613625,0.7743247,0.0,999.0,-0.9996667119363943,-0.9996667119363943,8.365760306517283,1.0
230000,-0.08245849,1.0392109,1.4026947,0.006916137,0.031607103,0.00027294926,0.8011805,0.27754983,0.75337714,0.0,999.0,-1.0000000447034836,-1.0000000447034836,10.65093759181244,1.0
240000,-0.08669401,0.97509813,1.4024272,0.0065631815,0.027968092,0.00027165902,0.7841799,0.27819076,0.74405444,0.0,999.0,-0.9994000419974327,-0.9994000419974327,8.758064821362495,1.0
250000,-0.09119889,1.0342269,1.4022174,0.0073474105,0.026626356,0.00027042828,0.76953226,0.2738175,0.74955994,0.0,999.0,-0.9995000455528498,-0.9995000455528498,11.161693170666695,1.0
260000,-0.0924638,1.032597,1.4022921,0.005369259,0.031967267,0.0002691093,0.76269716,0.2672863,0.7506029,0.0,999.0,-1.0000000447034836,-1.0000000447034836,10.85307994510593,1.0
270000,-0.09147166,1.0225824,1.4030539,0.006877517,0.020337446,0.00026781904,0.75380194,0.25965467,0.7554436,0.0,999.0,-0.9994000419974327,-0.9994000419974327,12.796277076005936,1.0
280000,-0.09015383,1.0099882,1.4035392,0.024809115,0.027467884,0.0002665884,0.700311,0.24256864,0.77009124,0.0,786.75,1.712649998255074,1.712649998255074,11.129131030291319,1.0
290000,-0.07976517,0.99445814,1.4020629,0.0066880505,0.024882684,0.0002652636,0.70092446,0.244389,0.7777439,0.0,999.0,-1.0000000447034836,-1.0000000447034836,9.031113324066004,1.0
300000,-0.0807177,0.9992206,1.4020671,None,None,None,None,None,None,None,None,None,None,None,1.0
310000,-0.08051025,1.0164483,1.4030409,0.006785833,0.017650377,0.0002639888,0.72478366,0.2567848,0.7657301,0.0,733.0,1.4092285595834255,1.4092285595834255,7.589800651584353,1.0
320000,-0.07336527,1.0676144,1.4031956,0.030160177,0.018755697,0.0002627578,0.7275907,0.25112292,0.7650353,0.0,996.7692307692307,-0.8054538909345865,-0.8054538909345865,10.475800725989616,1.0
330000,-0.08209082,1.056947,1.4030854,0.017042091,0.025668697,0.00026141113,0.76393116,0.26850843,0.7565892,0.0,90.0,4.909199841320515,4.909199841320515,3.5512622594833374,1.0
340000,-0.08500009,0.99349636,1.4031589,0.01503995,0.02379062,0.00026017908,0.6919823,0.23724811,0.7691399,0.0,999.0,-0.9998000450432301,-0.9998000450432301,12.533865625038743,1.0
350000,-0.076310635,1.033692,1.4025103,0.0064952536,0.02832823,0.00025892153,0.6360209,0.22237669,0.7883162,0.0,865.3333333333334,-0.03263335737089316,-0.03263335737089316,7.935036311546962,1.0
360000,-0.07682629,1.0357573,1.4003832,0.014353376,0.029095331,0.0002575643,0.75545496,0.27031612,0.7644988,0.0,999.0,-0.9999913490660812,-0.9999913490660812,9.050863811827224,1.0
370000,-0.08602329,0.92252475,1.3991857,0.006876253,0.028207097,0.00025632308,0.6190014,0.21511146,0.78971773,0.0,999.0,-0.9998000450432301,-0.9998000450432301,9.31796284019947,1.0
380000,-0.08083211,0.94219834,1.4002244,0.008060573,0.025123026,0.0002550808,0.6285365,0.21398726,0.7949209,0.0,999.0,-0.9996000453829765,-0.9996000453829765,9.410659097135067,1.0
390000,-0.08105879,0.99936706,1.4004534,0.0071909255,0.025632026,0.0002537243,0.6624066,0.23310682,0.78634983,0.0,999.0,-0.9999600447714329,-0.9999600447714329,8.673915074169635,1.0
400000,-0.085325114,0.94212943,1.3992794,0.0085565755,0.02699395,0.00025247538,0.66323185,0.23038273,0.7827681,0.0,999.0,-0.9998000450432301,-0.9998000450432301,9.079240530729294,1.0
410000,-0.08548888,0.97134507,1.398122,0.007160083,0.021928597,0.00025124085,0.65626454,0.2288657,0.78405315,0.0,999.0,-0.9996400453150273,-0.9996400453150273,8.5850706204772,1.0
420000,-0.082124844,1.0008007,1.3970543,0.020053282,0.027696785,0.00024987818,0.74913484,0.25810882,0.75963867,0.0,965.1111111111111,-0.5956518905306304,-0.5956518905306304,9.715639475871015,1.0
430000,-0.08221065,0.91558564,1.3952239,0.04575031,0.024892805,0.00024864305,0.6305863,0.20664176,0.7834969,0.0,440.0,4.559533444543679,4.559533444543679,8.135689437389374,1.0
440000,-0.07740213,0.9321438,1.3934705,0.017581414,0.025650244,0.00024740823,0.62197226,0.21475407,0.7958661,0.0,864.7142857142857,0.5631999549056802,0.5631999549056802,7.7316890970936845,1.0
450000,-0.07691195,0.96746796,1.3929898,0.044959612,0.025503512,0.00024617836,0.6666524,0.22906047,0.78455585,0.0,902.32,-0.3032240249216557,-0.3032240249216557,7.3735957945883275,1.0
460000,-0.06919549,0.9431616,1.3922782,0.013644547,0.019780798,0.00024493752,0.6645139,0.23024732,0.7834684,0.0,782.0,0.46740003675222397,0.46740003675222397,9.625097535550594,1.0
470000,-0.06997939,0.93424845,1.390403,0.03314228,0.021069704,0.00024370119,0.63347715,0.21719594,0.7885885,0.0,830.875,1.0435749157331884,1.0435749157331884,8.555051295552403,1.0
480000,-0.06600063,0.91470414,1.3891727,0.009157732,0.021937821,0.00024246472,0.60167193,0.20837511,0.7988426,0.0,953.65,-0.6717444759690099,-0.6717444759690099,7.79038105553223,1.0
490000,-0.060871795,0.98587465,1.388511,0.028381653,0.029852005,0.00024123391,0.67613995,0.23164268,0.78301483,0.0,937.0,-0.3281000661663711,-0.3281000661663711,8.825826778076589,1.0
500000,-0.04937736,0.98761857,1.3887082,0.035183787,0.026691021,0.00024000135,0.61929584,0.21131124,0.7899977,0.0,733.3,1.8325999113731086,1.8325999113731086,6.211420082487166,1.0
510000,-0.06291053,0.90844816,1.3888606,None,None,None,None,None,None,None,809.5,-0.04003331375618776,-0.04003331375618776,8.175854766120514,1.0
520000,-0.03934989,0.9142761,1.3891314,0.017754363,0.027777322,0.00023876557,0.573239,0.18911587,0.80407226,0.0,917.7619047619048,-0.44239051586815287,-0.44239051586815287,7.865951931192761,1.0
530000,-0.05540062,0.8771746,1.3883681,0.026353886,0.029113114,0.0002375361,0.60781986,0.20002767,0.7990584,0.0,920.125,-0.2956249970011413,-0.2956249970011413,5.242128984769806,1.0
540000,-0.038162094,0.94331324,1.3873026,0.021673884,0.022909276,0.00023630337,0.5921915,0.19851933,0.80259115,0.0,999.0,-0.9996400453150273,-0.9996400453150273,6.799010203033686,1.0
550000,-0.014418814,0.9987963,1.3863891,0.024195997,0.023180502,0.00023506435,0.62958187,0.21449862,0.79725295,0.0,906.8636363636364,0.22869090278717605,0.22869090278717605,9.183176244524391,1.0
560000,-0.06887329,0.8189112,1.3853875,0.03711458,0.023064764,0.00023382885,0.58970803,0.19025461,0.79967237,0.0,905.875,-0.2813999974168837,-0.2813999974168837,7.166639531846158,1.0
570000,-0.06076466,0.8012347,1.3846664,0.021814235,0.022602042,0.00023258934,0.56922334,0.18205272,0.80202585,0.0,714.6666666666666,1.7846000014493864,1.7846000014493864,5.412061341106892,1.0
580000,-0.033930644,0.8820137,1.3845159,0.022980772,0.024782766,0.00023136006,0.53502333,0.17372635,0.81563526,0.0,882.2173913043479,-0.01346090176831121,-0.01346090176831121,6.263022709475911,1.0
590000,-0.027507167,0.8160679,1.384293,0.038734674,0.025031291,0.00023012047,0.5906814,0.19566032,0.80532795,0.0,833.0,0.5949999280273914,0.5949999280273914,7.095833721171532,1.0
600000,-0.044705935,0.78167987,1.3838847,0.029444778,0.02023823,0.0002288884,0.5278118,0.16297393,0.813884,0.0,748.5,0.9175666471322378,0.9175666471322378,4.877497512226303,1.0
610000,-0.02897663,0.82854044,1.3832197,0.018166365,0.024772491,0.00022765908,0.50923413,0.1651021,0.8279716,0.0,966.0526315789474,-0.40955558729668456,-0.40955558729668456,6.347903605188346,1.0
620000,-0.021131404,0.8391261,1.3815274,0.020848256,0.029386194,0.00022639212,0.54162246,0.17911053,0.8232039,0.0,742.4444444444445,1.2314800456166268,1.2314800456166268,6.541292900778354,1.0
630000,-0.040685304,0.77926844,1.379766,0.03896053,0.029553952,0.00022516208,0.58154976,0.1972027,0.80894625,0.0,778.5,0.47082494711503386,0.47082494711503386,6.435598029056564,1.0
640000,-0.04106918,0.71025217,1.3781273,0.02411544,0.024914682,0.00022392893,0.5284414,0.1729304,0.822541,0.0,923.0,-0.20955720118113927,-0.20955720118113927,6.73278988013044,1.0
650000,0.10569449,0.9790512,1.3756825,0.044333346,0.026847856,0.00022270002,0.5625679,0.18209802,0.81379914,0.0,661.9,1.5875599816441537,1.5875599816441537,6.74123013089411,1.0
660000,0.08831061,0.90295637,1.3738185,0.07899404,0.021218032,0.00022146122,0.5923843,0.19179644,0.8001686,0.0,497.6923076923077,2.322985710043992,2.322985710043992,3.3676970777367905,1.0
670000,0.070975766,0.87070256,1.3732023,0.05810099,0.025993736,0.00022023001,0.559698,0.1811797,0.80911094,0.0,466.44444444444446,2.8662888345619044,2.8662888345619044,4.733361552572912,1.0
680000,0.0064719804,0.8198675,1.3724988,0.03218376,0.020883897,0.00021899262,0.5201193,0.16705206,0.82372606,0.0,874.9444444444445,-0.04225559035936991,-0.04225559035936991,6.039944943402791,1.0
690000,0.053418793,0.84996307,1.3718796,0.025828581,0.021016655,0.00021774003,0.49560788,0.15948895,0.8298208,0.0,750.8,0.7485799416899681,0.7485799416899681,6.082692539691925,1.0
700000,-0.0046836976,0.768431,1.3725697,0.043576885,0.022480568,0.00021650596,0.48211953,0.15143624,0.83663136,0.0,819.9,0.17937999181449413,0.17937999181449413,5.178042727336288,1.0
710000,0.12547868,0.90378433,1.3735938,0.037572347,0.027007965,0.00021527095,0.50342965,0.16144577,0.83248144,0.0,701.6190476190476,0.9644761837664104,0.9644761837664104,4.6796882372970385,1.0
720000,0.1426976,0.9227227,1.3734272,0.05479667,0.021348218,0.00021403881,0.5300848,0.1759771,0.82597053,0.0,602.6428571428571,1.8968428831015314,1.8968428831015314,5.165993496376489,1.0
730000,0.050098,0.80430686,1.3722064,0.026439283,0.031280093,0.00021279967,0.4982229,0.1614376,0.83134866,0.0,800.5555555555555,0.3098889005680879,0.3098889005680879,5.026597645547655,1.0
740000,0.061402902,0.8179455,1.3715057,0.03948823,0.021298705,0.00021156188,0.46042964,0.14595518,0.83993655,0.0,825.8125,0.11116247368045151,0.11116247368045151,4.8369921365519986,1.0
750000,0.13106847,0.88872063,1.3730674,0.042070594,0.025612867,0.0002103323,0.5009817,0.15945624,0.8348904,0.0,736.0588235294117,1.0282470445860834,1.0282470445860834,4.603329663657966,1.0
760000,0.1890425,0.98061275,1.3741206,0.07124554,0.023468664,0.00020910062,0.55216235,0.18765746,0.8226279,0.0,701.0,1.6060307848338897,1.6060307848338897,4.800737564881834,1.0
770000,0.08695222,0.9022033,1.3728673,0.02948131,0.021016372,0.00020786744,0.5220619,0.17535718,0.8292626,0.0,704.8333333333334,0.9613000005483627,0.9613000005483627,5.489750887888174,1.0
780000,0.09730983,0.89067763,1.372222,0.04704169,0.02761275,0.00020663576,0.524354,0.17096092,0.82665217,0.0,848.0666666666667,0.4847466272612413,0.4847466272612413,7.709358845495929,1.0
790000,0.13380899,0.9278873,1.3714259,0.045181345,0.025700757,0.00020540055,0.510349,0.16115017,0.82846767,0.0,769.875,0.7920749797485769,0.7920749797485769,5.302544972917531,1.0
800000,0.058141638,0.81680334,1.3715065,0.053942382,0.019566756,0.0002041663,0.5010369,0.16276231,0.8319834,0.0,735.0,1.3270199097692967,1.3270199097692967,4.431609904859215,1.0
810000,0.19691777,0.93499583,1.3724636,0.07702487,0.02552948,0.00020293194,0.51075155,0.16226867,0.8292695,0.0,682.6,1.7890332972423897,1.7890332972423897,4.8682354299041135,1.0
820000,0.145787,0.8520478,1.3722799,0.063653365,0.02460039,0.00020169844,0.47729188,0.14425975,0.83206135,0.0,639.7142857142857,2.0304532798628014,2.0304532798628014,4.472920949415614,1.0
830000,0.0698309,0.7935419,1.3723904,0.035895135,0.019693112,0.00020046343,0.45746458,0.14583273,0.8437585,0.0,818.8,0.5928545567122373,0.5928545567122373,4.57068528895351,1.0
840000,0.16822106,0.8931671,1.3733413,0.087356046,0.030784653,0.00019922896,0.4994344,0.15634017,0.8369213,0.0,662.6666666666666,1.3876941462650019,1.3876941462650019,4.352978549897671,1.0
850000,0.12642168,0.9013214,1.3720376,None,None,None,None,None,None,None,935.5833333333334,-0.13552313727828172,-0.13552313727828172,6.024260225741623,1.0
860000,0.13479654,0.9301144,1.3722115,0.048699077,0.020129357,0.0001979933,0.49998632,0.16622446,0.8353382,0.0,809.0,0.44044998101890087,0.44044998101890087,5.614622430992313,1.0
870000,0.17437081,0.93899536,1.3721166,0.048446726,0.02943572,0.00019675493,0.5157368,0.1707011,0.8321019,0.0,785.5833333333334,1.2971999899794657,1.2971999899794657,5.934666659062107,1.0
880000,0.22185886,0.97423375,1.3718004,0.06692506,0.030494299,0.00019552077,0.50517505,0.16571587,0.83504933,0.0,706.95,1.413199972753462,1.413199972753462,5.889021205544275,1.0
890000,0.1254199,0.84870166,1.3714343,0.06659715,0.021850215,0.00019428699,0.49743274,0.15817666,0.8343429,0.0,782.2857142857143,0.44007496582344174,0.44007496582344174,5.683073821943253,1.0
900000,0.12059882,0.85629773,1.3710111,0.031181188,0.019793263,0.00019305789,0.44165045,0.13913237,0.8444552,0.0,862.1538461538462,-0.09346153529790732,-0.09346153529790732,5.637896231805476,1.0
910000,0.19388159,0.96644,1.3712891,0.042177815,0.017738543,0.00019182441,0.46278545,0.15357329,0.84675705,0.0,652.1052631578947,1.4525788630309857,1.4525788630309857,4.081815344453054,1.0
920000,0.1507858,0.9412727,1.3714439,0.07523911,0.02227084,0.00019058901,0.5560964,0.18464017,0.825857,0.0,622.6875,1.5641499408520758,1.5641499408520758,4.074344933964312,1.0
930000,0.10020898,0.87419003,1.3708831,0.06046296,0.02081407,0.00018935505,0.50696206,0.15843493,0.82773846,0.0,688.5555555555555,0.9775999618901147,0.9775999618901147,4.712286756994824,1.0
940000,0.09498849,0.8714857,1.3708197,0.05214611,0.024226682,0.00018812163,0.4679351,0.14599228,0.837535,0.0,838.2727272727273,0.07021814855662259,0.07021814855662259,6.864430260463533,1.0
950000,0.14007257,0.9055154,1.3709575,0.061737124,0.022170035,0.00018688108,0.5036549,0.16023573,0.8367327,0.0,770.578947368421,0.46745993904769423,0.46745993904769423,4.890529557038098,1.0
960000,0.024279451,0.7851572,1.3709759,0.03985957,0.027202522,0.00018564436,0.46580884,0.14478944,0.84088457,0.0,999.0,-0.9996400430798531,-0.9996400430798531,4.7041384723037485,1.0
970000,0.020668678,0.7957173,1.3714347,0.014036952,0.022602502,0.00018441459,0.45236108,0.14497356,0.8428488,0.0,999.0,-0.9995600447058678,-0.9995600447058678,6.755504343425855,1.0
980000,0.080249496,0.8423475,1.3717535,0.015557456,0.027618168,0.00018318355,0.46400356,0.15570062,0.84667057,0.0,890.7647058823529,-0.008988268892554677,-0.008988268892554677,5.5386254042113094,1.0
990000,0.08552325,0.8338639,1.3714851,0.028760318,0.020015776,0.00018195265,0.47806504,0.15314509,0.84792453,0.0,701.5555555555555,0.9645333194898235,0.9645333194898235,5.142681130725476,1.0
1000000,0.041730087,0.8032556,1.3711438,0.026385836,0.03160583,0.00018070868,0.46515426,0.15155587,0.84743637,0.0,910.4545454545455,-0.45649097047068854,-0.45649097047068854,4.797967464197427,1.0
1010000,0.125853,0.8881386,1.3705696,0.038884584,0.023205154,0.00017947337,0.48527452,0.16147804,0.8432247,0.0,757.2,0.5756133067111174,0.5756133067111174,5.067307386981944,1.0
1020000,0.109331295,0.87080145,1.3693273,0.06090175,0.02314525,0.0001782416,0.50577873,0.16542806,0.836949,0.0,815.9230769230769,0.33739999395150405,0.33739999395150405,5.824082899158104,1.0
1030000,0.20422037,0.91326565,1.3682929,0.046298604,0.024931362,0.00017701143,0.49130863,0.15887897,0.83466876,0.0,734.8333333333334,1.347783241731425,1.347783241731425,5.282798182646123,1.0
1040000,0.086094186,0.7474338,1.368312,0.05807537,0.026279308,0.0001757811,0.49384326,0.15936866,0.8400895,0.0,847.3,0.15209996402263642,0.15209996402263642,6.62159365862608,1.0
1050000,0.04039638,0.71598095,1.368587,0.02052776,0.024127899,0.00017455171,0.42690194,0.13065845,0.85071546,0.0,999.0,-0.9995231210039213,-0.9995231210039213,6.009968223480078,1.0
1060000,0.05952851,0.74179703,1.3697119,0.034851965,0.019635173,0.00017331667,0.4452532,0.1438562,0.84985965,0.0,798.5,0.4509999891743064,0.4509999891743064,4.309612167940941,1.0
1070000,0.14499469,0.8725995,1.371417,0.0512846,0.024043132,0.00017207967,0.50515103,0.16343452,0.8358505,0.0,785.2142857142857,0.6426428080137286,0.6426428080137286,5.225877411463963,1.0
1080000,0.189442,0.8806693,1.3714173,0.051869445,0.02298022,0.00017084733,0.48616853,0.15946037,0.8392943,0.0,913.1875,0.33630000753328204,0.33630000753328204,6.839370257453993,1.0
1090000,0.103369705,0.7944386,1.3706751,0.033850014,0.020987997,0.00016961775,0.48301357,0.1577706,0.8390486,0.0,745.0,1.3972285145095416,1.3972285145095416,3.8784213866705874,1.0
1100000,0.10755843,0.7606018,1.3704107,0.045299497,0.021906853,0.00016838493,0.47305816,0.15032357,0.84076715,0.0,855.4285714285714,0.9296428433486393,0.9296428433486393,5.879376828005271,1.0
1110000,0.08036028,0.6820323,1.3710365,0.027780462,0.022062914,0.0001671481,0.42177212,0.12946971,0.8525011,0.0,976.4,0.022939956560730935,0.022939956560730935,5.142943906038999,1.0
1120000,0.0983108,0.67689264,1.3714471,0.024075856,0.03234437,0.00016591136,0.42281535,0.13020545,0.8553521,0.0,741.2,0.7581799842417241,0.7581799842417241,5.411717092851177,1.0
1130000,0.027404597,0.65395904,1.3715205,0.02209471,0.020381484,0.00016467737,0.41435382,0.12482677,0.8557201,0.0,913.8571428571429,-0.2002429004226412,-0.2002429004226412,4.263307391665876,1.0
1140000,0.051026855,0.6799382,1.3709414,0.024855742,0.018495897,0.00016342233,0.42998108,0.13385762,0.8534586,0.0,798.0769230769231,0.3552461309501758,0.3552461309501758,4.466359797668142,1.0
1150000,0.14697789,0.7874255,1.3706892,0.070859976,0.0213337,0.00016219323,0.5017119,0.15971544,0.8389131,0.0,662.6363636363636,2.063981831412424,2.063981831412424,5.609317558182573,1.0
1160000,0.045127045,0.6366553,1.3706112,0.034043867,0.027821098,0.00016096413,0.4335856,0.1311864,0.84716743,0.0,887.5,0.049362464575096965,0.049362464575096965,5.191642195277382,1.0
1170000,0.07004256,0.65206575,1.3705008,0.047262978,0.025500538,0.00015972195,0.43760034,0.13373587,0.8478979,0.0,727.7,2.2717401146888734,2.2717401146888734,4.809939276310615,1.0
1180000,-0.0038462305,0.53047335,1.3695606,0.014912783,0.021032052,0.0001584819,0.35561118,0.103347026,0.8667577,0.0,955.2222222222222,-0.4003111235797405,-0.4003111235797405,5.253930717137539,1.0
1190000,0.019771926,0.5814667,1.3685931,0.020517226,0.029886203,0.00015724923,0.4221497,0.13553572,0.8590159,0.0,890.6923076923077,-0.04893347403655449,-0.04893347403655449,3.4100694226605506,1.0
1200000,0.030332023,0.6650191,1.367659,0.030618329,0.027349724,0.00015601855,0.4622802,0.14574988,0.84895694,0.0,921.6666666666666,-0.5761428871857268,-0.5761428871857268,5.935232146044394,1.0
1210000,0.09480456,0.7031487,1.3678838,None,None,None,None,None,None,None,822.1666666666666,0.8439166834577918,0.8439166834577918,5.092055629589595,1.0
1220000,0.103719585,0.72751063,1.3683909,0.03906617,0.026948161,0.00015478712,0.46339992,0.1453476,0.8438319,0.0,653.1,1.8463200896978378,1.8463200896978378,4.9310874158516524,1.0
1230000,0.02487892,0.6991235,1.3679311,0.036283124,0.017782956,0.00015355194,0.47509235,0.15009318,0.8415762,0.0,940.0,-0.523966706978778,-0.523966706978778,5.9122286998608615,1.0
1240000,0.08645578,0.6962017,1.3671935,0.01964429,0.019074477,0.00015231976,0.46317974,0.14584287,0.8458122,0.0,821.6153846153846,0.7162615284323692,0.7162615284323692,5.17643857972983,1.0
1250000,0.06989847,0.69487834,1.3669535,0.044745877,0.028637234,0.00015108257,0.4406023,0.13178149,0.8493814,0.0,752.3846153846154,0.7854153556892505,0.7854153556892505,4.534478314614926,1.0
1260000,0.059823155,0.6832279,1.3667423,0.051578302,0.020116426,0.00014985068,0.4390109,0.13459687,0.84963804,0.0,848.2857142857143,0.5796570918921914,0.5796570918921914,4.683246467836268,1.0
1270000,0.0010903472,0.59194964,1.3669732,0.04605664,0.024129052,0.00014861586,0.41683134,0.1251411,0.85512376,0.0,922.6,-0.42318007685244086,-0.42318007685244086,4.313320585782639,1.0
1280000,-0.029986026,0.50123495,1.3674083,0.016596617,0.025403222,0.000147377,0.37260148,0.11177141,0.86964285,0.0,999.0,-0.9997000452131033,-0.9997000452131033,4.884475381462835,1.0
1290000,0.034136236,0.6146554,1.3670431,0.012062946,0.02546103,0.00014614125,0.34562692,0.100785755,0.8765772,0.0,860.4444444444445,-0.027722239287363157,-0.027722239287363157,4.500940569327213,1.0
1300000,-0.023199523,0.62969667,1.3665346,0.028645983,0.024570208,0.00014490765,0.45202944,0.1442315,0.8560826,0.0,944.0909090909091,-0.035527282817797226,-0.035527282817797226,4.052502504465255,1.0
1310000,0.0058267806,0.6199855,1.3661975,0.021568408,0.019146752,0.00014367161,0.43437967,0.13669252,0.8530884,0.0,824.1428571428571,0.603714293135064,0.603714293135064,6.457160594839869,1.0
1320000,0.00061992655,0.59987396,1.3658985,0.026821552,0.023691077,0.00014243608,0.41871062,0.1298256,0.85684377,0.0,866.2857142857143,-0.1526000097926174,-0.1526000097926174,5.8470673645081535,1.0
1330000,0.057574954,0.63932085,1.366094,0.03919689,0.022199297,0.00014120154,0.41527736,0.12437625,0.8555688,0.0,792.6875,0.769200008129701,0.769200008129701,3.7397227253677556,1.0
1340000,0.060399257,0.6617157,1.3658895,0.051427837,0.02173091,0.00013996553,0.4672058,0.15030544,0.8480986,0.0,494.6363636363636,2.2320363883945076,2.2320363883945076,3.83690945639021,1.0
1350000,0.19709817,0.77970386,1.3649493,0.043725025,0.025778659,0.00013873243,0.4310993,0.13328478,0.8520708,0.0,751.7727272727273,1.5202999362214045,1.5202999362214045,4.863140988629311,1.0
1360000,0.116275765,0.69602567,1.3639618,0.08216923,0.022660905,0.00013749798,0.4973035,0.15740031,0.8383741,0.0,487.0625,2.6373375097755343,2.6373375097755343,3.9462484098403365,1.0
1370000,-0.019243507,0.56243247,1.3631438,0.046950392,0.023668196,0.00013626271,0.4241814,0.12768728,0.85090035,0.0,634.7,1.364560043439269,1.364560043439269,3.014383590966463,1.0
1380000,0.021468636,0.5717381,1.3630242,0.009762842,0.022475569,0.00013503208,0.35379222,0.104677185,0.8738076,0.0,846.25,0.07607273046265949,0.07607273046265949,3.9347113343590703,1.0
1390000,0.083140776,0.66487586,1.3631126,0.0242965,0.02597986,0.0001337966,0.42826033,0.13522513,0.8618511,0.0,923.1538461538462,0.07245330040653547,0.07245330040653547,5.602524228661787,1.0
1400000,0.022199364,0.58768475,1.3630294,0.021981658,0.027114497,0.0001325642,0.37465668,0.10968766,0.867119,0.0,999.0,-0.9997000452131033,-0.9997000452131033,3.1879500430222834,1.0
1410000,0.057093613,0.63761216,1.3630624,0.013766247,0.020557584,0.0001313296,0.3608819,0.110395566,0.8736525,0.0,950.0,-0.11730001928905646,-0.11730001928905646,5.512244082521647,1.0
1420000,0.037328187,0.61302835,1.3631898,0.025213996,0.022728922,0.0001300953,0.39263412,0.12156836,0.86906713,0.0,826.9047619047619,0.12477137982135728,0.12477137982135728,5.011204082884693,1.0
1430000,0.05724266,0.62932664,1.3630741,0.0415914,0.02690137,0.00012886101,0.3927293,0.11954971,0.86766136,0.0,945.2222222222222,-0.39035558907522094,-0.39035558907522094,4.8542890943612695,1.0
1440000,0.091440715,0.6608464,1.3626571,0.058370337,0.026572624,0.00012761889,0.41820768,0.12986818,0.8595415,0.0,619.5555555555555,2.157644478811158,2.157644478811158,4.952670350515594,1.0
1450000,0.073716216,0.6385255,1.3619173,0.053199872,0.024125108,0.00012637532,0.4012638,0.11947531,0.8621733,0.0,785.5454545454545,0.8045817964117635,0.8045817964117635,4.3185642028058115,1.0
1460000,0.019576225,0.5873806,1.3611214,0.035360735,0.022850858,0.00012513978,0.4018669,0.12158072,0.86280423,0.0,750.625,1.1237500123679638,1.1237500123679638,2.907484743351233,1.0
1470000,0.034935523,0.5893705,1.3599449,0.047953174,0.021242734,0.00012390342,0.38105455,0.115596935,0.8683146,0.0,766.9,1.2324599862098693,1.2324599862098693,6.5610027457703834,1.0
1480000,0.028455922,0.56307495,1.3595126,0.020630965,0.023228902,0.00012266768,0.3449402,0.10288522,0.87824917,0.0,823.9333333333333,0.1752666230003039,0.1752666230003039,3.837394409937163,1.0
1490000,0.053497873,0.5933444,1.3590446,0.02985137,0.02378014,0.00012142557,0.36690918,0.11010885,0.8741732,0.0,840.0833333333334,0.4092666196326415,0.4092666196326415,3.531770464750783,1.0
1500000,0.075822785,0.6415526,1.3595988,0.052525,0.019659568,0.00012019508,0.404388,0.1242846,0.8694132,0.0,779.7272727272727,1.0379090268503537,1.0379090268503537,3.9743734956083987,1.0
1510000,0.04227437,0.5830317,1.3594667,0.02507752,0.022671385,0.00011895138,0.33924565,0.09804816,0.87919676,0.0,798.1428571428571,0.2724999977009637,0.2724999977009637,4.183318506676836,1.0
1520000,0.05329314,0.5953026,1.359758,0.034654777,0.024114722,0.000117708914,0.39152688,0.12079971,0.8705625,0.0,732.1875,0.8909199960529804,0.8909199960529804,4.073269498829419,1.0
1530000,0.034699164,0.5698114,1.3588687,0.036698405,0.027710034,0.00011647423,0.37557894,0.11378761,0.8733846,0.0,833.1538461538462,0.7493076576636388,0.7493076576636388,3.704838336082713,1.0
1540000,0.038662206,0.57159126,1.3594013,0.029916087,0.020446878,0.00011523774,0.37907556,0.11465661,0.87158763,0.0,796.4166666666666,0.719439996778965,0.719439996778965,5.425199659098871,1.0
1550000,0.02751913,0.5651058,1.3594915,0.046879966,0.01748882,0.000114006674,0.36565337,0.108868174,0.8756934,0.0,823.8333333333334,0.7429076791382753,0.7429076791382753,4.000841387865456,1.0
1560000,0.06583242,0.62268895,1.359154,None,None,None,None,None,None,None,786.3636363636364,1.4896000044850202,1.4896000044850202,5.211456855145605,1.0
1570000,-0.005862293,0.5674473,1.3588904,0.06495868,0.031746883,0.00011277104,0.3863964,0.116107985,0.87231725,0.0,999.0,-0.9996000446379185,-0.9996000446379185,3.4392795257270334,1.0
1580000,0.032772355,0.63623905,1.3593249,0.015957158,0.02106953,0.00011154127,0.36701664,0.113179214,0.87320083,0.0,747.8421052631579,0.4889499541372061,0.4889499541372061,3.6290722700359765,1.0
1590000,0.052014727,0.6349906,1.3601543,0.042147145,0.022747304,0.0001103053,0.4136888,0.12771033,0.8657435,0.0,826.7333333333333,0.5060266643762589,0.5060266643762589,4.488803534225251,1.0
1600000,0.034866158,0.5871896,1.3603295,0.041506406,0.027508369,0.00010907361,0.39637405,0.12155988,0.86550635,0.0,558.6666666666666,1.9409333939353626,1.9409333939353626,4.866241075098515,1.0
1610000,0.14393082,0.6668003,1.3602753,0.034368172,0.0257258,0.00010783927,0.3482059,0.10424718,0.88116896,0.0,711.45,1.0379100058227777,1.0379100058227777,4.302984272735193,1.0
1620000,0.13929796,0.6645813,1.3604605,0.068740994,0.018435324,0.00010661036,0.442867,0.13565244,0.8584658,0.0,660.3684210526316,1.1810736397379322,1.1810736397379322,4.228380958669157,1.0
1630000,0.10234615,0.6283383,1.3603364,0.060683988,0.027786104,0.0001053812,0.4022537,0.124414235,0.8673541,0.0,507.85714285714283,2.3486856751676117,2.3486856751676117,2.890766081620573,1.0
1640000,0.15213528,0.67308116,1.359588,0.06597228,0.024678053,0.00010414543,0.3856795,0.11772295,0.87190396,0.0,678.75,1.8207374603953212,1.8207374603953212,4.15380982048373,1.0
1650000,0.07711169,0.65941,1.359285,0.055401668,0.022072503,0.00010290979,0.38982677,0.11733318,0.8671636,0.0,836.4444444444445,0.2738666571676731,0.2738666571676731,4.5084551407748625,1.0
1660000,0.07786969,0.65409696,1.3592772,0.040948153,0.025853701,0.00010167762,0.39544812,0.122306,0.8686568,0.0,694.6875,1.1798124986235052,1.1798124986235052,3.837045096734073,1.0
1670000,0.12350979,0.6709174,1.3592275,0.040706683,0.027817799,0.00010044643,0.39571398,0.1194601,0.86943555,0.0,758.4545454545455,1.513654574751854,1.513654574751854,4.723913204099517,1.0
1680000,0.10375972,0.6392845,1.3589398,0.04871153,0.023510251,9.9210316e-05,0.3747148,0.1156943,0.8746416,0.0,737.0588235294117,1.0270469848285704,1.0270469848285704,3.988154161598205,1.0
1690000,0.028593045,0.5644703,1.3585423,0.053765964,0.019128626,9.7966906e-05,0.3828711,0.117665105,0.8727436,0.0,897.7272727272727,0.010818170214241201,0.010818170214241201,3.5652233630058947,1.0
1700000,0.009779847,0.54541093,1.3583374,0.025870798,0.031828117,9.673422e-05,0.34273338,0.104022354,0.88317144,0.0,999.0,-0.9994750446639955,-0.9994750446639955,4.3719883680096245,1.0
1710000,0.024609663,0.56337833,1.3581334,0.025857057,0.024044782,9.5504256e-05,0.33696422,0.10182532,0.8855541,0.0,861.0833333333334,-0.028283368175228436,-0.028283368175228436,4.382491168469035,1.0
1720000,0.07948985,0.6091175,1.3578981,0.02526604,0.025808012,9.4269104e-05,0.3463276,0.10305597,0.8828964,0.0,812.7333333333333,0.27139998892588274,0.27139998892588274,3.676927238960551,1.0
1730000,0.014074137,0.5369647,1.3577348,0.028528951,0.026678855,9.303547e-05,0.36048788,0.1100135,0.88121456,0.0,865.3,0.031163594600829212,0.031163594600829212,3.9269934688398447,1.0
1740000,0.039215583,0.5749062,1.3574499,0.05198634,0.022931118,9.180441e-05,0.35534665,0.10869586,0.8817559,0.0,891.9285714285714,-0.1782142948359251,-0.1782142948359251,4.600150986117244,1.0
1750000,0.01479564,0.55734634,1.3572254,0.016635127,0.019190943,9.05629e-05,0.35819253,0.11004685,0.88367754,0.0,864.2857142857143,-0.15051436583910668,-0.15051436583910668,4.533529458966639,1.0
1760000,0.05169246,0.5633765,1.3575088,0.020068059,0.029415209,8.932822e-05,0.34232563,0.10509205,0.8854087,0.0,749.0,0.7889076757889527,0.7889076757889527,4.126986060551224,1.0
1770000,0.20240095,0.70146513,1.3580791,0.08380738,0.021700839,8.8098444e-05,0.37875167,0.11671675,0.87911373,0.0,647.25,1.6020399713888764,1.6020399713888764,4.453859310790722,1.0
1780000,0.13704969,0.6507373,1.3582804,0.08389605,0.02793501,8.686338e-05,0.41610438,0.12801734,0.8635706,0.0,598.4285714285714,1.9009999654122762,1.9009999654122762,3.384124303448646,1.0
1790000,0.116275005,0.6441108,1.3583021,0.045608558,0.027140101,8.56317e-05,0.3665271,0.11193243,0.8757881,0.0,829.3,0.5184181772849776,0.5184181772849776,4.46023039909249,1.0
1800000,0.15294272,0.6570733,1.3578644,0.046610903,0.020582534,8.439525e-05,0.3608866,0.10964037,0.87978435,0.0,712.375,1.0347411656642662,1.0347411656642662,3.88766570833361,1.0
1810000,0.06040899,0.548748,1.3574532,0.05679249,0.027226409,8.316381e-05,0.34662074,0.10283218,0.8835696,0.0,891.3,0.10817999318242073,0.10817999318242073,4.196375938865822,1.0
1820000,0.15144943,0.61685413,1.3575344,0.05716729,0.024032567,8.1933555e-05,0.3236404,0.097179376,0.8905173,0.0,582.6875,1.6041999717708677,1.6041999717708677,2.9799635623803624,1.0
1830000,0.1355861,0.61041564,1.3571645,0.054070305,0.02965612,8.069826e-05,0.3172127,0.09500861,0.89235806,0.0,679.0833333333334,0.9868499602501591,0.9868499602501591,2.2845014383686553,1.0
1840000,0.06695551,0.5629601,1.3569483,0.04249595,0.024349991,7.9463614e-05,0.36289358,0.111747734,0.88323826,0.0,851.2,0.07644996582530439,0.07644996582530439,3.712163847121701,1.0
1850000,0.03759654,0.5023989,1.3569212,0.017754069,0.030797685,7.8229896e-05,0.3120345,0.09401531,0.89310867,0.0,992.0,-0.43711112812161446,-0.43711112812161446,5.1269002658874445,1.0
1860000,0.093439944,0.5741329,1.3576816,0.037711903,0.02912811,7.699712e-05,0.31648806,0.096397385,0.8941627,0.0,723.125,2.172685792403562,2.172685792403562,4.057746200556202,1.0
1870000,0.11186204,0.6380013,1.3579993,0.051785503,0.022012524,7.5765434e-05,0.36601436,0.112488404,0.88119644,0.0,756.6,0.6597618806575026,0.6597618806575026,3.7429428818993205,1.0
1880000,0.07921991,0.63757753,1.3578497,0.024614124,0.02550243,7.453304e-05,0.33944663,0.10300566,0.8857348,0.0,934.0,-0.4346400015056133,-0.4346400015056133,4.754187114626984,1.0
1890000,0.0784123,0.6219163,1.3578812,0.038041826,0.025451478,7.330327e-05,0.34163764,0.10352196,0.88641655,0.0,811.0,1.0634500016458333,1.0634500016458333,3.916181153308571,1.0
1900000,0.04686478,0.57122344,1.3584853,0.03393648,0.01786765,7.2060924e-05,0.3475113,0.10922718,0.88722724,0.0,879.4705882352941,0.1567285656929016,0.1567285656929016,4.625227349340483,1.0
1910000,0.06758228,0.5954552,1.3584995,0.042480525,0.02401134,7.0825416e-05,0.36146137,0.1137604,0.88339055,0.0,827.4545454545455,0.4777666327233116,0.4777666327233116,4.472972539510617,1.0
1920000,0.116900854,0.67903185,1.358656,None,None,None,None,None,None,None,755.9,1.286333351706465,1.286333351706465,3.955753308332836,1.0
1930000,0.010670998,0.5562979,1.3586749,0.07868179,0.021719117,6.9592636e-05,0.38707587,0.12032346,0.875207,0.0,864.8571428571429,-0.15137143965278352,-0.15137143965278352,5.2326372903439085,1.0
1940000,0.087089255,0.6379611,1.3589584,0.0288451,0.02487557,6.836072e-05,0.3338478,0.10241576,0.8883324,0.0,760.3636363636364,1.5118181007829579,1.5118181007829579,4.032137413593856,1.0
1950000,0.14629695,0.7007385,1.3586484,0.07232732,0.021872174,6.712821e-05,0.37226516,0.115172505,0.8826246,0.0,721.8333333333334,1.2220555374191866,1.2220555374191866,4.446909711815857,1.0
1960000,-0.002777279,0.4978663,1.357884,0.063525215,0.018508004,6.5894244e-05,0.37276512,0.11477541,0.88033223,0.0,999.0,-0.9998500449582934,-0.9998500449582934,5.29648508374521,1.0
1970000,0.025478212,0.516103,1.3574537,0.027304394,0.024669327,6.4660664e-05,0.3035411,0.09340632,0.89696515,0.0,726.7142857142857,0.7012856911335673,0.7012856911335673,4.680907109270005,1.0
1980000,0.04731806,0.6011099,1.3578737,0.033005107,0.021519016,6.3419604e-05,0.3350255,0.104529396,0.8890631,0.0,817.5714285714286,0.13427612770880973,0.13427612770880973,2.827096704008346,1.0
1990000,0.09485298,0.68105996,1.3582889,0.053971834,0.024130981,6.218911e-05,0.3640388,0.10978121,0.88037974,0.0,652.6666666666666,1.430000060548385,1.430000060548385,5.445317155405064,1.0
2000000,0.06235463,0.6428612,1.3585142,0.052514937,0.025866125,6.0951214e-05,0.35089678,0.108840376,0.88555336,0.0,776.3333333333334,0.7007599867880344,0.7007599867880344,4.416736238915473,1.0
2010000,0.08714151,0.62760824,1.3584702,0.04824352,0.020186713,5.972191e-05,0.35176226,0.10974827,0.88350904,0.0,878.8461538461538,-0.11015384586957785,-0.11015384586957785,4.119096646819694,1.0
2020000,0.053819146,0.58812064,1.3580196,0.068411544,0.030621376,5.848713e-05,0.3735151,0.11651957,0.8786198,0.0,669.3571428571429,1.1157570899065052,1.1157570899065052,3.3160945302368288,1.0
2030000,0.018208398,0.5730916,1.357721,0.037926015,0.022365272,5.7247158e-05,0.32822922,0.102224074,0.89128435,0.0,924.5833333333334,-0.5085500093797842,-0.5085500093797842,4.624139896037984,1.0
2040000,0.06503811,0.59271634,1.357657,0.036857948,0.027908614,5.601104e-05,0.34271204,0.10754453,0.8865887,0.0,606.6875,1.8926999904215336,1.8926999904215336,4.510354739532204,1.0
2050000,0.14584069,0.6739855,1.3574284,0.07377391,0.020431077,5.4780317e-05,0.37657455,0.11977969,0.880435,0.0,581.421052631579,1.7864631930072057,1.7864631930072057,2.8706466878031374,1.0
2060000,0.08124662,0.5860006,1.357138,0.039531533,0.025919968,5.3550215e-05,0.3471393,0.10992302,0.8871498,0.0,711.6428571428571,1.0733571515551634,1.0733571515551634,3.9191883788714352,1.0
2070000,0.046551567,0.5237354,1.3570887,0.042821176,0.024126923,5.2316478e-05,0.30913344,0.09448605,0.8963042,0.0,999.0,-0.9996400438249111,-0.9996400438249111,4.146278976323083,1.0
2080000,0.16436459,0.6379274,1.3571547,0.059665844,0.023167664,5.108301e-05,0.29461867,0.08984672,0.90165234,0.0,674.2083333333334,1.2002083105035126,1.2002083105035126,3.0516582508820043,1.0
2090000,0.049005195,0.55155754,1.357119,0.05005719,0.023879249,4.98517e-05,0.32279384,0.09803013,0.8939191,0.0,872.1818181818181,0.0361272083087401,0.0361272083087401,3.646697683419916,1.0
2100000,0.14104033,0.66593385,1.3572268,0.03203334,0.025745869,4.8611113e-05,0.29739222,0.09326348,0.9020938,0.0,725.4444444444445,2.0516221647461257,2.0516221647461257,3.461778445607504,1.0
2110000,0.22567555,0.7452927,1.3573333,0.08454657,0.020832764,4.7361696e-05,0.3639733,0.113838896,0.88347435,0.0,691.6,2.0577300012111666,2.0577300012111666,4.393549481860828,1.0
2120000,0.14997937,0.685552,1.3571413,0.042677823,0.022060324,4.6126293e-05,0.33485752,0.104004614,0.89110947,0.0,749.5555555555555,0.9163555006186167,0.9163555006186167,4.030995544285462,1.0
2130000,0.08905152,0.6098062,1.3571436,0.03123785,0.023335941,4.489425e-05,0.3099526,0.09829624,0.8998792,0.0,848.0,0.060345412316647445,0.060345412316647445,3.5052013454154474,1.0
2140000,0.10094799,0.61811686,1.357039,0.044850867,0.030042613,4.3664837e-05,0.3185409,0.09712692,0.895395,0.0,892.4615384615385,-0.1239692525794873,-0.1239692525794873,5.133221897802566,1.0
2150000,0.062336363,0.5820962,1.3569506,0.023476386,0.01696205,4.2412772e-05,0.30671227,0.09230256,0.8989688,0.0,903.6153846153846,-0.13515386300591323,-0.13515386300591323,3.38970022169647,1.0
2160000,0.052102078,0.6088866,1.3569984,0.049506094,0.022081412,4.1173535e-05,0.35174194,0.111805364,0.88659316,0.0,754.1,0.7451999362558126,0.7451999362558126,4.426879592484329,1.0
2170000,0.024217336,0.5774392,1.3569647,0.034954466,0.0202935,3.9942563e-05,0.33272186,0.1042004,0.894483,0.0,828.7,0.17058000788092614,0.17058000788092614,3.5007207364516946,1.0
2180000,0.085065775,0.6135553,1.3568339,0.04628038,0.020922597,3.8712704e-05,0.33181098,0.10104108,0.89311904,0.0,760.8181818181819,0.8293636554682796,0.8293636554682796,4.377059970118849,1.0
2190000,-0.0024655983,0.50842786,1.3569255,0.043294217,0.021913683,3.7479207e-05,0.33154303,0.10237534,0.8931162,0.0,681.5,0.9846334060033163,0.9846334060033163,3.785765023310281,1.0
2200000,-0.01257271,0.46617347,1.3567747,0.024070455,0.021657908,3.6247056e-05,0.2760202,0.08461643,0.9086332,0.0,792.3636363636364,0.13191996775567533,0.13191996775567533,3.918679496529512,1.0
2210000,0.060752716,0.5475566,1.3567849,0.07657899,0.024660314,3.501656e-05,0.32086393,0.09830459,0.89738166,0.0,734.2352941176471,0.9701889000005193,0.9701889000005193,2.9412284048675144,1.0
2220000,0.08409078,0.60038185,1.3568884,0.023468707,0.023934275,3.3786448e-05,0.33887342,0.10504069,0.8901756,0.0,869.1538461538462,0.2592428329267672,0.2592428329267672,3.5531901234852348,1.0
2230000,-0.0008128308,0.5051715,1.3567228,0.04012287,0.023993112,3.255177e-05,0.29600582,0.09078904,0.90162796,0.0,772.0,0.6557427820350442,0.6557427820350442,2.462060383015861,1.0
2240000,0.09040344,0.5663897,1.3566524,0.038881574,0.026735699,3.13226e-05,0.31079558,0.09502317,0.9000675,0.0,754.2631578947369,0.560884179645463,0.560884179645463,4.81845225876283,1.0
2250000,0.017927852,0.4991348,1.3566556,0.028927913,0.0248106,3.0085053e-05,0.29673466,0.09049514,0.9025379,0.0,901.2,-0.4018600445240736,-0.4018600445240736,2.860347013424325,1.0
2260000,0.007932067,0.4563891,1.3565463,0.012359831,0.020385144,2.8855047e-05,0.24392433,0.07373704,0.9177983,0.0,827.2727272727273,0.18925996348261834,0.18925996348261834,3.1640790628036486,1.0
2270000,0.04167472,0.47758532,1.3564557,0.051284954,0.02834938,2.7615102e-05,0.2933486,0.08783862,0.90435547,0.0,714.7647058823529,0.9890266577402751,0.9890266577402751,3.202664963695376,1.0
2280000,0.18631276,0.65297747,1.3564402,None,None,None,None,None,None,None,579.8636363636364,1.7692799799144268,1.7692799799144268,3.3523201034852534,1.0
2290000,0.14836104,0.56612474,1.3563424,0.115273334,0.023210747,2.6382091e-05,0.35592943,0.111421235,0.88613796,0.0,488.27272727272725,3.602127304469997,3.602127304469997,2.9271547016052697,1.0
2300000,0.12662776,0.56310153,1.356493,0.09923739,0.01949607,2.515258e-05,0.30941525,0.093528844,0.8990773,0.0,819.4,0.6799400266259908,0.6799400266259908,2.608175274907262,1.0
2310000,0.15080875,0.5862044,1.3565955,0.031500023,0.022920514,2.3922343e-05,0.28610802,0.08716286,0.9046455,0.0,751.95,0.7474999876692892,0.7474999876692892,3.448384913278278,1.0
2320000,0.093189344,0.50303173,1.3564116,0.07821476,0.02864064,2.2691263e-05,0.30848175,0.09391611,0.9009577,0.0,784.4444444444445,0.8816444021132257,0.8816444021132257,3.396803680799268,1.0
2330000,0.060801037,0.47063679,1.3563669,0.056889173,0.024676818,2.1458989e-05,0.25574866,0.076975726,0.91553897,0.0,817.0909090909091,0.5460727739740502,0.5460727739740502,2.905867504536714,1.0
2340000,0.12061916,0.525456,1.3563447,0.04511159,0.023685107,2.0228617e-05,0.25867474,0.07779004,0.9145883,0.0,755.0,0.7149529371629743,0.7149529371629743,2.668978261811015,1.0
2350000,0.10711658,0.57016855,1.3563733,0.054612175,0.026849303,1.8986972e-05,0.29118553,0.089135416,0.90692025,0.0,777.0,0.47236665555586416,0.47236665555586416,3.087229058971085,1.0
2360000,0.10162276,0.5544096,1.3564669,0.048465118,0.022457445,1.7753853e-05,0.29590473,0.09155226,0.9043342,0.0,685.75,1.3971000077823799,1.3971000077823799,4.443064295027095,1.0
2370000,0.11071661,0.56917006,1.3565028,0.050097845,0.024297481,1.6518463e-05,0.29576507,0.08989581,0.90351194,0.0,806.7,0.6924999319016933,0.6924999319016933,3.4334859633017913,1.0
2380000,0.14064582,0.6191308,1.3564714,0.067051925,0.024063561,1.5287866e-05,0.31059495,0.09547659,0.89942855,0.0,693.4285714285714,0.9725713873548167,0.9725713873548167,3.7346715355240683,1.0
2390000,0.05237403,0.5320987,1.3564595,0.064568095,0.025099589,1.4058342e-05,0.3339629,0.10402519,0.893741,0.0,929.0,-0.30445000249892473,-0.30445000249892473,4.3219242597224365,1.0
2400000,0.10035715,0.5669603,1.3565158,0.042603817,0.029623471,1.2817178e-05,0.30271384,0.09298303,0.9000118,0.0,755.5384615384615,1.1668768728581758,1.1668768728581758,3.4879039681534496,1.0
2410000,0.0798667,0.5593656,1.3566002,0.06283817,0.025988195,1.15879e-05,0.30115908,0.093401946,0.90289485,0.0,766.8,0.5659066346784433,0.5659066346784433,4.03141223389927,1.0
2420000,0.11053282,0.5767137,1.3566735,0.055974934,0.024082208,1.0358609e-05,0.31761965,0.096159674,0.8991588,0.0,512.3076923076923,1.952400030568242,1.952400030568242,3.13625436208635,1.0
2430000,0.23452936,0.71353334,1.3567044,0.08266627,0.028040854,9.127066e-06,0.31412905,0.095807195,0.89957786,0.0,579.578947368421,1.7882104878754992,1.7882104878754992,3.276792672292734,1.0
2440000,0.21782328,0.6788449,1.3567095,0.11409727,0.027528265,7.884936e-06,0.32590398,0.10020479,0.8955135,0.0,647.0952380952381,1.3228299798443914,1.3228299798443914,3.022768438883941,1.0
2450000,0.17173314,0.6308118,1.3567321,0.086488694,0.030417208,6.653747e-06,0.31608015,0.09692164,0.9004958,0.0,635.25,2.1006616027309346,2.1006616027309346,3.4322078777477145,1.0
2460000,0.12053279,0.5885874,1.356758,0.08409548,0.025694,5.419662e-06,0.3024002,0.09293138,0.9026934,0.0,810.5454545454545,0.7076399717479944,0.7076399717479944,2.5391790009176476,1.0
2470000,0.08345128,0.55778825,1.3567723,0.06561039,0.021922816,4.187618e-06,0.31708726,0.09926244,0.8989056,0.0,976.0909090909091,-0.5620833840221167,-0.5620833840221167,3.37390612544065,1.0
2480000,0.065341845,0.5966782,1.3567779,0.04680865,0.032695033,2.952103e-06,0.32917812,0.09816061,0.8961071,0.0,891.3846153846154,-0.12292312887998727,-0.12292312887998727,4.8652641482857195,1.0
2490000,0.027484363,0.548206,1.3567796,0.042916708,0.020110505,1.7203079e-06,0.30390933,0.09145501,0.90727746,0.0,861.2857142857143,-0.147685740675245,-0.147685740675245,4.354026552245549,1.0
2500000,0.1661868,0.6778372,1.3567786,0.057461478,0.027534282,4.8826195e-07,0.3279608,0.1010854,0.8979804,0.0,688.75,1.3313066768149535,1.3313066768149535,3.3882403601610958,1.0
