Steps,Policy/GAIL Value Estimate,Policy/Extrinsic Value Estimate,Policy/Entropy,Environment/Episode Length,Environment/Cumulative Reward,Policy/GAIL Reward,Policy/Extrinsic Reward,Losses/Value Loss,Losses/Policy Loss,Policy/Learning Rate,Losses/GAIL Loss,Policy/GAIL Policy Estimate,Policy/GAIL Expert Estimate,Losses/Pretraining Loss,Is Training
40000,0.8274932,-0.032636743,1.4196695,999.0,-1.0000000447034836,61.82888441905379,-0.7999999783933163,0.42798373,0.021120733,0.00029866878,1.1653081,0.3142287,0.6340577,0.42860243,1.0
50000,1.1252018,-0.03995721,1.4180366,None,None,None,None,0.37787193,0.024940895,0.00029822846,1.0469943,0.30195242,0.6519455,0.42812967,1.0
60000,1.3826548,-0.035504866,1.4152035,None,None,None,None,0.33560523,0.024172112,0.0002977677,0.9837991,0.28776243,0.675274,0.41897917,1.0
70000,1.6528611,-0.04193745,1.4129089,999.0,-1.0000000447034836,75.71092023327947,-0.7999999783933163,0.28989577,0.021225788,0.0002973069,0.9646419,0.29190227,0.68141437,0.42401648,1.0
80000,1.917471,-0.049814425,1.4106555,None,None,None,None,0.27844566,0.024258623,0.00029686658,0.92483395,0.2850977,0.69385976,0.42044768,1.0
90000,2.3404336,-0.055829298,1.4106886,719.0,4.280600033700466,64.58818650245667,3.4244799725711346,0.31244382,0.027553696,0.00029645636,0.9208606,0.2928338,0.69221675,0.42073873,1.0
100000,2.6797664,-0.061949197,1.4120433,996.6774193548387,-0.8363871281185458,73.9216636342387,-0.6691096545227112,0.32440773,0.026166577,0.00029602303,0.94047993,0.30235773,0.6898741,0.42631507,1.0
110000,2.94123,-0.055700608,1.4124429,473.0,4.526599816977978,49.62076807022095,3.6212800703942776,None,None,None,None,None,None,None,1.0
120000,3.20645,-0.056388795,1.4123647,999.0,-0.9994000419974327,71.58570194244385,-0.7995199784636497,0.16447161,0.023432188,0.0002955894,0.84591573,0.2761885,0.71727675,0.42643324,1.0
130000,3.5322573,-0.04569453,1.411021,999.0,-1.0000000447034836,77.32247902154923,-0.7999999783933163,0.32132593,0.024234619,0.00029517815,0.85827243,0.2872678,0.719168,0.0,1.0
140000,3.5797546,-0.03880382,1.4099298,253.5,4.881199963390827,31.058652877807617,3.9049598313868046,0.34595072,0.024805687,0.0002947414,0.9109316,0.30487052,0.69841677,0.0,1.0
150000,3.841742,-0.03625792,1.4097431,818.5,2.657666712999344,50.35099387168884,2.126133502771457,0.126539,0.019441195,0.00029431202,0.7669815,0.25318882,0.73994225,0.0,1.0
160000,3.9590707,-0.034422178,1.4091909,999.0,-0.9999786160354104,67.66476881929806,-0.7999828355386853,0.28539655,0.024318958,0.0002939009,0.80365956,0.27564245,0.7395474,0.0,1.0
170000,4.278608,-0.027679428,1.408273,490.0,2.842400105049213,44.23675294717153,2.2739200964570045,0.21613233,0.023995357,0.0002934593,0.8172614,0.27470276,0.73421913,0.0,1.0
180000,4.4181914,-0.029549079,1.4077976,867.25,0.3823999036103487,70.91875809431076,0.3059200067073107,0.26137215,0.021931734,0.0002930352,0.79932827,0.27269372,0.7348663,0.0,1.0
190000,4.639282,-0.0264417,1.4077902,706.0,1.7935001365840435,47.74260461330414,1.4348000288009644,0.24287318,0.024272226,0.00029262406,0.8125619,0.27897462,0.73096067,0.0,1.0
200000,4.632862,-0.0052781696,1.4083487,938.3448275862069,-0.594469009673801,65.83877625342073,-0.4755751423794648,0.24863291,0.019990396,0.00029217376,0.80686766,0.26393238,0.7280049,0.0,1.0
210000,4.838719,0.0072039985,1.409688,718.0,1.7815000154078007,57.840257465839386,1.425199968740344,0.234716,0.022954406,0.00029175624,0.7759511,0.26157504,0.7421488,0.0,1.0
220000,5.0367007,0.018259253,1.4093373,853.75,1.645650027319789,69.21318866312504,1.3165200809016824,0.30317527,0.023064895,0.00029134465,0.7663723,0.25837943,0.7447137,0.0,1.0
230000,5.237023,0.038194425,1.4059883,919.6923076923077,-0.3436846493815,63.7193395953912,-0.27494768526118535,0.33290395,0.028350053,0.00029088915,0.7971679,0.26956147,0.7365457,0.0,1.0
240000,5.1570807,0.022013288,1.4029745,789.6666666666666,0.8763666488230228,62.32926231622696,0.7010934110730886,0.28780282,0.019741088,0.00029047736,0.73258996,0.24398558,0.7486034,0.0,1.0
250000,5.431675,0.013255245,1.4009238,999.0,-0.9998000450432301,60.33737574021021,-0.7998399784167608,0.23382491,0.021615034,0.0002900669,0.7416582,0.25523105,0.7502506,0.0,1.0
260000,5.5314646,0.012171722,1.4009504,999.0,-0.9999200448393821,62.86414488404989,-0.7999359784647823,0.21397905,0.027668115,0.00028965608,0.7351629,0.25187486,0.7529355,0.0,1.0
270000,5.210409,-0.00915561,1.4002438,974.1111111111111,-0.3467250228859484,65.51448675245047,-0.2773799686692655,0.24373752,0.023057485,0.0002892077,0.69801676,0.23024493,0.7590334,0.0,1.0
280000,5.318387,-0.020121379,1.3978983,818.3333333333334,0.38580004032701254,63.50115106999874,0.30864003393799067,None,None,None,None,None,None,None,1.0
290000,5.584873,-0.016725438,1.3954973,993.55,-0.7444600453600287,61.1474814042449,-0.5955679770559072,0.2867654,0.024702048,0.00028879798,0.6892032,0.23078853,0.7655343,0.0,1.0
300000,5.860457,-0.030216593,1.394274,902.2222222222222,-0.3474000253611141,57.689214923315575,-0.27791997376415467,0.36592633,0.027643908,0.00028838633,0.7270934,0.24665375,0.75726104,0.0,1.0
310000,5.70038,-0.030080177,1.3939384,858.25,0.3910499857738614,78.22123590111732,0.312840037047863,0.2605011,0.025106508,0.00028797673,0.7093121,0.24561344,0.76059616,0.0,1.0
320000,5.470312,-0.047932427,1.3916243,980.7777777777778,-0.45626318278281314,61.27979594782779,-0.3650104697597654,0.27445614,0.02794348,0.0002875663,0.68421924,0.22738418,0.7693927,0.0,1.0
330000,5.5554338,-0.053767435,1.3892595,869.4444444444445,0.11691993400454521,56.42870352119208,0.09353601187467575,0.28721613,0.025685476,0.0002871445,0.6747714,0.22933944,0.77472633,0.0,1.0
340000,5.475384,-0.05416025,1.3881581,618.5714285714286,1.5237428114882536,29.81628918647766,1.2189943109239851,0.31261316,0.02446803,0.00028673132,0.65821266,0.2205932,0.7765802,0.0,1.0
350000,5.715037,-0.036818095,1.387827,864.0,1.0106250536628067,59.92721972614527,0.8085001157596707,0.4173128,0.025341025,0.00028632078,0.6673784,0.22092839,0.7753713,0.0,1.0
360000,5.808284,-0.015046196,1.3864486,870.5416666666666,0.17033332555244365,54.78120130921403,0.13626670200998584,0.6232892,0.023944668,0.00028590983,0.7471348,0.25386253,0.75027657,0.0,1.0
370000,5.446351,0.012291079,1.3848317,559.8571428571429,2.296685592936618,37.01099246740341,1.837348593665021,0.3961031,0.02353006,0.0002854991,0.68702257,0.22483748,0.7622087,0.0,1.0
380000,6.180984,0.011307516,1.3842107,807.0,0.6210570878216198,60.40179168326514,0.4968457424214908,0.38906804,0.025306694,0.00028508768,0.6360418,0.21159908,0.7791078,0.0,1.0
390000,6.3079724,0.011430198,1.385188,869.1904761904761,-0.1940000101246617,51.65277353200045,-0.15519996512342582,0.38734236,0.02626477,0.00028467464,0.68497676,0.23943074,0.773427,0.0,1.0
400000,5.842506,0.014568486,1.3853287,804.2857142857143,2.052285717001983,73.84276241915566,1.6418286455529076,0.43365097,0.018402908,0.0002842645,0.6717251,0.22554527,0.774709,0.0,1.0
410000,5.789752,-0.019766588,1.3827063,906.5555555555555,0.3542999690398574,53.389953477308154,0.28344006184488535,0.39743474,0.02591209,0.00028385315,0.62997437,0.20575356,0.7817885,0.0,1.0
420000,5.8989644,0.008131471,1.3800546,923.8,-0.3041625141631812,53.5185525463894,-0.24332997645251453,0.4510048,0.025877662,0.0002834404,0.63400614,0.21342829,0.7848669,0.0,1.0
430000,5.582841,-0.008015562,1.3783743,795.4166666666666,0.4539666088918845,45.2947978451848,0.36317338701337576,0.37153584,0.024282845,0.00028302972,0.62362134,0.20495178,0.78762573,0.0,1.0
440000,5.944046,0.037627142,1.3768424,707.2727272727273,1.5647454661401836,46.61768355423754,1.2517964088103988,0.47269976,0.028706957,0.00028261793,0.63694006,0.21762723,0.7874166,0.0,1.0
450000,6.391371,0.047005374,1.376331,796.5,0.6632705848006641,48.59272563194527,0.5306165303815814,0.54981273,0.0181818,0.0002822072,0.67277056,0.22770485,0.7766412,0.0,1.0
460000,6.262841,0.027698094,1.375737,767.7,1.2316799841821193,53.625311005115506,0.9853440728038549,0.5584046,0.028386917,0.00028179734,0.6937618,0.23480245,0.7743301,0.0,1.0
470000,6.37086,0.109232426,1.3742449,685.0,2.8143799867480994,53.22070878148079,2.2515040177851917,0.45519033,0.021588359,0.00028138596,0.64959484,0.22110248,0.78059417,0.0,1.0
480000,6.4401946,0.06690661,1.3727926,865.0555555555555,-0.03233336926334434,54.40028077074223,-0.025866627900136843,0.6357287,0.023070818,0.00028097612,0.6969353,0.23759595,0.77093166,0.0,1.0
490000,6.048744,0.0685099,1.3722245,840.3333333333334,0.8256888083285756,46.166426845722725,0.6605511734055148,0.44738486,0.02162639,0.00028056646,0.6415498,0.21780628,0.7822338,0.0,1.0
500000,5.517692,0.06422953,1.3715528,763.6363636363636,1.9629636413671754,51.92816091667522,1.5703709995882078,0.47853434,0.025684869,0.00028015632,0.60995454,0.19933435,0.790904,0.0,1.0
510000,5.0330544,0.034476686,1.3712105,967.9090909090909,-0.4655000764876604,46.66271335333586,-0.3724000062793493,0.38222224,0.0238649,0.00027974523,0.5528859,0.17426303,0.80131286,0.0,1.0
520000,5.532785,0.093422994,1.3732076,633.1176470588235,1.56815550973018,35.006493700875176,1.254524459855424,0.54427963,0.024601689,0.00027933452,0.55637443,0.17364112,0.8075293,0.0,1.0
530000,5.4411287,0.028550684,1.3743066,883.0,-0.25865004444494843,31.122456199489534,-0.2069199732504785,0.5005106,0.027102051,0.00027892465,0.5746174,0.19349118,0.80728424,0.0,1.0
540000,5.5488214,0.07608361,1.3729868,825.0769230769231,0.2332857017006193,47.7142348789743,0.18662858860833303,0.49256995,0.026510023,0.00027851466,0.57327634,0.19161396,0.8099868,0.0,1.0
550000,6.1008863,0.12056178,1.3703208,729.375,0.9546800409754117,39.11623892486095,0.7637440631786983,0.5438604,0.029896343,0.0002781033,0.5847147,0.19585451,0.8055722,0.0,1.0
560000,6.2805333,0.16579293,1.3696004,717.0,1.4522375366650522,51.28344930848107,1.1617900584824383,0.7754581,0.026477383,0.00027768905,0.6628018,0.22452143,0.7886238,0.0,1.0
570000,5.6462708,0.041918866,1.3700778,793.2,0.7062200460582971,46.91772063374519,0.5649760197848082,0.45723918,0.018803062,0.00027727723,0.60429984,0.20104195,0.79525393,0.0,1.0
580000,5.8735433,0.08857489,1.3694147,700.3636363636364,0.9407833389316996,37.9164414803187,0.7526267121235529,0.52361816,0.026047176,0.00027686747,0.60918784,0.20143665,0.79593027,0.0,1.0
590000,5.3472667,0.09734436,1.3658732,806.4375,0.4429749748669565,39.290130130946636,0.3543800578918308,0.39973876,0.024695631,0.0002764557,0.5575871,0.18167806,0.8101156,0.0,1.0
600000,5.47476,0.12040674,1.3637102,717.0,1.1006545336409048,39.505286723713986,0.8805237100882963,0.6543413,0.029968303,0.0002760367,0.5528529,0.18188576,0.8161436,0.0,1.0
610000,5.0522094,0.042412568,1.3636472,930.7272727272727,-0.4768182316964323,45.312827906148,-0.3814545243301175,0.44719735,0.017367205,0.0002756243,0.527803,0.1750969,0.8231799,0.0,1.0
620000,5.058934,0.025015756,1.3667924,999.0,-0.9995636811310594,43.853349424898624,-0.7996508885513652,0.38926187,0.02504014,0.00027520987,0.51657027,0.17112385,0.8240356,0.0,1.0
630000,5.4076934,0.06220678,1.3684388,801.6666666666666,0.17803991585969925,44.277570734918115,0.14243199303746223,None,None,None,None,None,None,None,1.0
640000,5.4265523,0.05988585,1.3661162,860.5714285714286,0.21024283553872788,42.519580070461544,0.16819431340055807,0.6112726,0.024753375,0.00027479895,0.55395633,0.17845668,0.8199444,0.0,1.0
650000,5.3154387,0.034378443,1.3632098,863.6363636363636,0.044854494658383454,40.475313704799525,0.03588362681594762,0.45919976,0.021301376,0.00027438818,0.52514356,0.17043582,0.8210145,0.0,1.0
660000,5.1455936,0.007019399,1.3615861,880.375,-0.2559750801883638,43.18127111159265,-0.20477999653667212,0.51997715,0.019259296,0.000273978,0.53701466,0.17660555,0.82275504,0.0,1.0
670000,5.2734427,0.04921569,1.3613997,925.5384615384615,-0.5415231344791559,45.62405883578154,-0.4332184295814771,0.40987355,0.027717894,0.000273567,0.515252,0.17108335,0.82714677,0.0,1.0
680000,5.284414,0.04848941,1.360573,782.6875,0.7792249412741512,40.99487854982726,0.6233800265472382,0.49287754,0.033286035,0.0002731521,0.5548466,0.18612283,0.81937635,0.0,1.0
690000,4.9872456,0.0147476895,1.3606467,999.0,-0.9997667117665211,43.323107651124396,-0.7998133115470409,0.4382166,0.024448263,0.00027274166,0.52966183,0.17765333,0.8245755,0.0,1.0
700000,4.9240103,0.0063120686,1.360417,999.0,-0.9995400443673134,41.972283128648996,-0.799631979316473,0.402832,0.021124419,0.00027233022,0.50847924,0.16588898,0.82837737,0.0,1.0
710000,5.2369,0.08214309,1.3599846,837.578947368421,0.47763160576945857,45.66229202833615,0.382105319319587,0.44154617,0.022862459,0.00027192023,0.53928417,0.18144485,0.8233282,0.0,1.0
720000,5.4064093,0.08018823,1.3573188,752.7777777777778,1.4687332813110616,38.88518037233088,1.1749866733120546,0.55109864,0.02171392,0.00027151042,0.52547866,0.16585326,0.82512987,0.0,1.0
730000,5.0090933,0.0010175817,1.355264,706.5555555555555,0.9595555406477716,36.04362518899143,0.7676444662113985,0.5182361,0.01846971,0.00027109834,0.5218141,0.16655736,0.8235659,0.0,1.0
740000,4.878521,-0.021892212,1.3537933,931.7272727272727,-0.5213666843871275,38.33427622355521,-0.4170932983979583,0.4829053,0.018464524,0.0002706876,0.5112001,0.16436751,0.8261305,0.0,1.0
750000,5.43874,0.021539837,1.3532194,856.2,0.1432132845123609,39.39722310801347,0.11457068895300229,0.45027187,0.021848254,0.00027027767,0.5165042,0.16993682,0.8276257,0.0,1.0
760000,5.7653837,0.07172463,1.3528274,800.25,1.2825500008960564,48.560568982735276,1.026040069758892,0.6692818,0.026752552,0.00026986786,0.57907015,0.19537888,0.81751835,0.0,1.0
770000,5.292938,-0.008288889,1.3518364,871.1111111111111,0.23919998523261812,59.60226310789585,0.19136003735992643,0.638054,0.022074375,0.00026945752,0.5700852,0.19486643,0.8162776,0.0,1.0
780000,5.531938,-0.002052119,1.3519921,818.3571428571429,0.526506719738245,39.732243147244056,0.4212054178118706,0.66209733,0.027669685,0.00026904652,0.5616629,0.18625471,0.8147202,0.0,1.0
790000,5.8511906,0.07233819,1.3520725,632.2777777777778,2.1448889161563582,42.2849646260341,1.715911139216688,0.7812561,0.022129592,0.0002686367,0.59891486,0.20602465,0.8092106,0.0,1.0
800000,5.1602664,0.0041693347,1.3514475,751.5,1.3313166834414005,38.75118866407623,1.065053396858275,0.6391022,0.024967259,0.0002682246,0.5602278,0.18158068,0.81216943,0.0,1.0
810000,4.7442455,-0.07174525,1.350106,904.6,-0.40512002930045127,41.759677779302,-0.324095967784524,0.4756015,0.018987225,0.00026781284,0.52448493,0.16930959,0.8191135,0.0,1.0
820000,5.4343038,-0.0048983805,1.3480251,817.625,0.7443249565549195,38.70736204669811,0.5954600619152188,0.46546933,0.020083122,0.00026740212,0.5161877,0.16931625,0.8282355,0.0,1.0
830000,5.966354,0.079193495,1.3462349,700.7857142857143,2.155828551522323,39.95115230072822,1.7246629276445933,0.94028944,0.028816419,0.000266991,0.63360363,0.22058654,0.80418736,0.0,1.0
840000,5.2008758,0.0032904937,1.3430558,848.2857142857143,0.5799143069556781,50.16872244647571,0.4639315200703485,0.46573383,0.026251571,0.00026657467,0.54047114,0.17577045,0.81819665,0.0,1.0
850000,5.218151,0.042897962,1.3401811,841.8461538461538,0.3113691606200658,48.203444139028974,0.2490954316006257,0.57731795,0.02551005,0.00026616422,0.51939934,0.17277521,0.82916826,0.0,1.0
860000,5.196025,0.08400545,1.3381802,758.5294117647059,1.3242234657792484,32.58165876435883,1.059378883417915,0.69628674,0.022687677,0.00026575438,0.510243,0.16072066,0.82488406,0.0,1.0
870000,4.9865184,0.08087789,1.3388655,664.1111111111111,1.8017999578267336,35.3318870190531,1.441440038383007,0.53264356,0.024874175,0.0002653442,0.5139919,0.16359045,0.82449436,0.0,1.0
880000,5.1707397,0.09575641,1.339385,856.4,1.1431000769138335,42.98097100406885,0.914480109885335,0.617781,0.02154373,0.0002649342,0.5179091,0.16811155,0.8216786,0.0,1.0
890000,5.731189,0.19714832,1.339658,675.578947368421,1.4291473995698125,30.71925080057822,1.1433179521639096,0.8671455,0.027007263,0.00026452268,0.55367005,0.184025,0.8191681,0.0,1.0
900000,5.2340374,0.1753553,1.3387864,689.4666666666667,1.6432399849096935,36.82978640223543,1.3145920775830746,0.8951472,0.021895507,0.00026410999,0.536993,0.17108497,0.8213074,0.0,1.0
910000,5.8544445,0.2888973,1.336973,563.8666666666667,2.435560019314289,31.456939093520244,1.9484480751057467,0.75978124,0.027890133,0.00026369965,0.5330306,0.16719249,0.81883734,0.0,1.0
920000,5.415107,0.21575174,1.3367553,712.9473684210526,1.6549894413665722,31.11363127847251,1.3239916078746319,0.759287,0.023860829,0.00026328902,0.5424315,0.17578171,0.81971437,0.0,1.0
930000,5.3693857,0.19037801,1.3373889,482.47058823529414,2.7521647166679886,24.928299709716264,2.2017317887614754,1.010916,0.023408165,0.00026287715,0.5578434,0.17894965,0.8121222,0.0,1.0
940000,5.0629487,0.16296795,1.3362092,627.5833333333334,1.8718332803497713,34.43155854629973,1.497466694874068,0.5700531,0.031047923,0.0002624654,0.50136155,0.15820102,0.82404935,0.0,1.0
950000,5.126825,0.18984695,1.3336035,814.7857142857143,1.5065691786316724,34.225713141835655,1.2052554132846685,0.70822185,0.029639574,0.00026205467,0.4928507,0.15295754,0.82900023,0.0,1.0
960000,5.2043047,0.20880455,1.3326846,738.0,0.9106799848377705,31.213449670374395,0.7285440559188525,0.6662622,0.018590776,0.00026164338,0.51998216,0.17069864,0.8262206,0.0,1.0
970000,5.0186744,0.1696854,1.3301098,678.5833333333334,1.6226181550459429,33.17452339150689,1.2980946078896523,0.6284931,0.019928848,0.0002612327,0.5094834,0.16012147,0.8284072,0.0,1.0
980000,5.1882772,0.144123,1.3297358,835.3888888888889,0.2626444867087735,35.00145987172922,0.21011559458242524,0.5432889,0.021108445,0.00026082172,0.5162613,0.16785918,0.82559896,0.0,1.0
990000,5.4300385,0.20521812,1.3293246,717.1818181818181,1.180219953134656,34.91583982929588,0.9441759947687387,0.66828334,0.02565527,0.00026041118,0.4851072,0.15419532,0.83665794,0.0,1.0
1000000,5.4220104,0.24804688,1.3286456,616.75,2.2974842186821136,33.17959677976997,1.837987443530246,0.8644673,0.025068795,0.00026000044,0.5073435,0.15957473,0.82972306,0.0,1.0
1010000,4.830286,0.1747107,1.3262532,638.1111111111111,1.5835333201620314,30.59103122684691,1.2668266706168652,None,None,None,None,None,None,None,1.0
1020000,4.9748564,0.16834062,1.3265581,672.6111111111111,1.5490111116733816,21.292419466914403,1.2392089321381516,0.46205062,0.032739703,0.00025958952,0.4670942,0.14527187,0.8384268,0.0,1.0
1030000,5.391616,0.21531032,1.326546,680.8,1.3186000193158784,36.35782874127229,1.0548800311982631,0.7822655,0.026311478,0.0002591787,0.5089676,0.16499966,0.83229315,0.0,1.0
1040000,5.4146376,0.27117324,1.3263277,548.7777777777778,2.5061555662088923,30.34693853639894,2.004924517745773,0.77254164,0.021419875,0.00025876786,0.51652557,0.16582975,0.8285603,0.0,1.0
1050000,5.59867,0.3091205,1.3247619,548.9130434782609,2.7112608007762744,28.724127880257107,2.169008729088566,1.291241,0.023398262,0.0002583558,0.5273662,0.17046347,0.8265175,0.0,1.0
1060000,4.5910506,0.11336019,1.321765,889.1111111111111,0.2214666356643041,29.68109696937932,0.1771734067135387,1.102371,0.01782531,0.00025794297,0.5655616,0.18266064,0.8146847,0.0,1.0
1070000,4.69094,0.11060499,1.3198786,799.8888888888889,1.4215777495668993,46.5343347042799,1.1372622876531548,0.33110994,0.018476905,0.00025753118,0.45814314,0.14172973,0.83993363,0.0,1.0
1080000,5.072443,0.19409133,1.3190278,611.8888888888889,1.6096221676303282,27.13115213604437,1.2876978028151724,0.54156816,0.023017727,0.00025711846,0.46259582,0.14736117,0.8432178,0.0,1.0
1090000,5.5968404,0.33107615,1.318169,590.0,1.9093582985612254,28.77493279132371,1.5274867272625368,1.0257623,0.02839177,0.00025670638,0.5069262,0.15884559,0.83215445,0.0,1.0
1100000,5.5518866,0.31133693,1.3168414,457.14285714285717,3.113728533631989,25.83617696378912,2.49098285819803,1.1537633,0.029229054,0.00025629517,0.52878696,0.16828758,0.82308596,0.0,1.0
1110000,5.3057203,0.29847166,1.3168402,670.1052631578947,1.4345684431885417,32.03369103577968,1.1476548198414476,1.0297414,0.02443522,0.00025588408,0.5302441,0.16957127,0.82511216,0.0,1.0
1120000,5.708185,0.36183402,1.317848,509.6666666666667,2.823044462957316,24.423510262121756,2.258435563908683,0.83480054,0.018879412,0.00025547092,0.51122797,0.16199061,0.83138835,0.0,1.0
1130000,5.6478486,0.31138474,1.317761,562.5,2.4369300151243807,24.218859207630157,1.9495440527796746,0.96887547,0.025936037,0.00025506123,0.5047799,0.15650225,0.8278011,0.0,1.0
1140000,5.8785057,0.3408373,1.3159695,416.10526315789474,3.504611107210318,25.335856105511386,2.8036889353146157,1.3504816,0.026235938,0.00025464725,0.5705665,0.18605874,0.81491226,0.0,1.0
1150000,5.6781077,0.32120445,1.3141406,578.4705882352941,2.3203529651988957,33.0349372890504,1.8562824235242956,1.0220542,0.029475924,0.0002542356,0.5607919,0.18415944,0.8143575,0.0,1.0
1160000,5.575029,0.3701444,1.3123988,494.54545454545456,2.7746609221010106,26.63763049568819,2.21972879751221,0.92160153,0.026456363,0.0002538249,0.55076903,0.17475873,0.81608367,0.0,1.0
1170000,5.3048687,0.3657636,1.3103288,476.2,2.773150076344609,26.520958304405212,2.2185200300067662,1.0207049,0.024654659,0.00025341325,0.5101994,0.15539792,0.8245586,0.0,1.0
1180000,5.2510033,0.35779893,1.308623,561.6666666666666,2.104333314051231,23.361620631441475,1.6834667334953943,1.01328,0.026394667,0.00025300262,0.5219092,0.16525513,0.8267821,0.0,1.0
1190000,5.685322,0.42767742,1.3062794,547.2272727272727,2.406681873581626,21.704064124348488,1.9253454922952435,0.76765907,0.026432952,0.00025259296,0.48997104,0.14943585,0.8297408,0.0,1.0
1200000,5.2170386,0.3357353,1.3043008,603.25,3.14611660502851,33.89809545005361,2.516893384978175,0.9788481,0.019936949,0.00025218274,0.5054013,0.15752654,0.8281804,0.0,1.0
1210000,5.083186,0.29382616,1.3035553,687.2941176470588,1.370894141276093,25.196449688033145,1.0967153516762398,0.81954575,0.023260823,0.00025177049,0.48345453,0.15154825,0.8358869,0.0,1.0
1220000,5.9922986,0.51066643,1.3019867,421.375,3.119616689005246,28.17943058597545,2.4956933983291187,1.1770366,0.02736234,0.0002513593,0.52284396,0.16464403,0.82649255,0.0,1.0
1230000,5.486972,0.39039296,1.300412,554.8823529411765,2.1975221902959876,24.52645083082219,1.7580178164773517,1.7168196,0.023487411,0.00025094775,0.52942634,0.16611199,0.8228865,0.0,1.0
1240000,4.3344584,0.23334154,1.2997117,676.25,1.822949970761935,28.790457323814433,1.4583600346619885,0.92672825,0.01929756,0.0002505366,0.45327073,0.135602,0.8399476,0.0,1.0
1250000,5.096654,0.3219077,1.2990148,729.9285714285714,1.7694428541830607,26.303941442897276,1.4155543382678712,0.881288,0.02546685,0.00025012583,0.44485417,0.13333125,0.8450082,0.0,1.0
1260000,5.7627735,0.40343243,1.2998904,575.625,2.6696706059224464,29.212331049582538,2.1357365750214634,1.0844605,0.01916707,0.00024971445,0.507815,0.1624534,0.83144623,0.0,1.0
1270000,5.048344,0.28155756,1.3013157,690.6875,1.1836500149220228,29.961349584162235,0.9469200661405921,0.9422623,0.021628745,0.00024930263,0.5107334,0.16298652,0.83325297,0.0,1.0
1280000,6.1414895,0.4361545,1.3013787,513.3913043478261,2.7469129810190718,27.73473303611188,2.1975304754855842,1.7073919,0.024646163,0.00024889086,0.53007025,0.17433137,0.8303522,0.0,1.0
1290000,6.0373263,0.40652084,1.300805,550.3157894736842,2.343747318575257,27.310211130662967,1.8749979457965023,1.3216939,0.027317744,0.00024847788,0.52148926,0.16453362,0.8264016,0.0,1.0
1300000,5.8986096,0.4190973,1.3015465,272.15384615384613,3.957953861126533,23.958276220812248,3.1663631584781866,1.197909,0.024124257,0.00024806755,0.4741924,0.14462616,0.83469015,0.0,1.0
1310000,5.995058,0.3821706,1.3018107,684.9130434782609,1.7057825675153213,25.447282279558156,1.36462611283945,0.989147,0.022808218,0.00024765296,0.48711628,0.15159097,0.83591765,0.0,1.0
1320000,6.6925116,0.55545634,1.3029672,438.8333333333333,2.9382079973816873,22.937665141671896,2.350566455721855,1.8972781,0.028074024,0.00024723966,0.5570116,0.18335703,0.82128304,0.0,1.0
1330000,5.7633147,0.39647543,1.303186,394.22222222222223,3.5206737647715367,25.632428886564938,2.8165390246400706,1.3522696,0.022858186,0.00024682988,0.50802916,0.16023408,0.8267645,0.0,1.0
1340000,4.4874887,0.2117999,1.3012444,778.0769230769231,0.9063000092282891,27.373490820328396,0.7250400502234697,0.78346246,0.02281431,0.00024641532,0.44437435,0.1317068,0.8422315,0.0,1.0
1350000,5.8671618,0.37070295,1.2994779,539.7826086956521,2.808790510963826,24.218536460506066,2.2470324399570623,1.4303684,0.021641757,0.00024600085,0.53363794,0.17277542,0.8260426,0.0,1.0
1360000,5.9847665,0.45463642,1.2986686,391.7368421052632,3.1043333670213107,27.14547769441491,2.4834667375045165,None,None,None,None,None,None,None,1.0
1370000,6.1578226,0.52780664,1.2971623,396.25,3.616760011911392,25.76481794066727,2.89340809866786,1.6943467,0.022330174,0.00024558796,0.5364415,0.16886427,0.82012206,0.0,1.0
1380000,5.421594,0.44200587,1.2947116,462.65384615384613,2.6651259731087418,19.677547929325588,2.132100820817329,1.8610656,0.020550098,0.00024517777,0.5294468,0.16948608,0.82406956,0.0,1.0
1390000,5.3407936,0.4266505,1.2945453,425.3125,3.6365625243633986,19.513982200529426,2.909250096185133,1.4995735,0.027978133,0.0002447659,0.4790396,0.14631793,0.8342106,0.0,1.0
1400000,6.2779293,0.53026855,1.2946756,431.18518518518516,3.4570296540580414,22.937255287611926,2.7656237782427557,1.0754707,0.026600506,0.00024435396,0.46377054,0.14857455,0.8423024,0.0,1.0
1410000,5.5079803,0.40401348,1.2930113,557.7777777777778,2.364463196773278,21.02722124618135,1.891570591612866,1.9030427,0.024905624,0.00024394256,0.54654634,0.17928335,0.82610214,0.0,1.0
1420000,6.574013,0.5789674,1.2918668,442.5,3.7235999947620764,24.6536118335401,2.9788800438659058,1.3640361,0.024856804,0.0002435309,0.48238418,0.14789142,0.8322974,0.0,1.0
1430000,6.371096,0.5535026,1.2901969,530.9166666666666,2.8017333444828787,22.61335280770436,2.2413867190480232,1.7826751,0.02638465,0.00024312123,0.5101246,0.16098383,0.8268584,0.0,1.0
1440000,6.093533,0.52682954,1.2883623,411.63157894736844,3.5350842015131523,22.69960702548882,2.8280674060316464,1.6119168,0.02085354,0.00024270978,0.4743085,0.14577623,0.8366641,0.0,1.0
1450000,5.564149,0.4515741,1.2870942,628.2857142857143,2.0918615724031744,23.196311242448594,1.6734893127129629,1.5815701,0.0213832,0.00024229978,0.45936242,0.1368422,0.8413156,0.0,1.0
1460000,5.5776134,0.4405324,1.2875175,668.25,2.252694110002588,24.396046406370314,1.802155334940728,1.2270404,0.02166808,0.00024188921,0.41373116,0.12280733,0.8528912,0.0,1.0
1470000,6.491413,0.56061393,1.2878754,454.6896551724138,3.337855190424056,20.33340295959778,2.6702842048273006,1.4561733,0.027674617,0.00024147615,0.4691055,0.14646332,0.84654653,0.0,1.0
1480000,6.579981,0.58247155,1.2866964,392.90909090909093,3.697372719984163,23.76160750114782,2.957898262041536,2.1524446,0.03254065,0.00024106604,0.5530427,0.17853825,0.82172936,0.0,1.0
1490000,5.856748,0.48980495,1.2849405,453.4117647058824,3.3694118254763237,21.468367482425975,2.6955294769038174,1.56838,0.032491982,0.00024065381,0.51041025,0.16361755,0.8296894,0.0,1.0
1500000,6.7988873,0.67086154,1.2839898,462.80645161290323,3.0529800119499364,25.461988822572554,2.442384062583248,1.5161129,0.019558687,0.00024024217,0.5037572,0.16018488,0.8302926,0.0,1.0
1510000,6.799035,0.6766748,1.2843269,314.25,3.9083090723689757,19.406151773549166,3.126647308920369,1.6822822,0.022430206,0.00023983137,0.5360689,0.171274,0.8209086,0.0,1.0
1520000,5.3506174,0.46981913,1.2835912,339.1578947368421,3.607578948924416,16.008456211341056,2.886063164394153,1.5311146,0.019492818,0.00023942029,0.509065,0.15908241,0.825716,0.0,1.0
1530000,5.1460524,0.45619956,1.2818025,600.3529411764706,2.340188176097239,19.212642057963155,1.872150644002592,0.9710648,0.02645054,0.00023900949,0.39529806,0.11554075,0.85548526,0.0,1.0
1540000,5.885128,0.5620875,1.2808776,400.48,3.1989679919183254,20.962401922941208,2.5591744263470173,1.521756,0.02257783,0.00023859851,0.4876395,0.15348464,0.83753073,0.0,1.0
1550000,5.8292303,0.48889634,1.2792876,530.2857142857143,2.3261713797137853,17.24035077533197,1.8609371424785681,1.0607996,0.018863171,0.0002381881,0.48536828,0.15579933,0.8390834,0.0,1.0
1560000,6.9430375,0.6707532,1.2767851,404.4166666666667,3.9700167030096054,26.46908870281186,3.176013418007642,1.4936496,0.024777936,0.00023777674,0.5203549,0.1665774,0.8261918,0.0,1.0
1570000,6.815787,0.65178853,1.2752634,400.60869565217394,3.2944347767726234,22.474081240331188,2.6355478719848655,1.5247802,0.028929735,0.00023736355,0.5564088,0.18151751,0.8180719,0.0,1.0
1580000,7.127268,0.75107807,1.2758784,367.57575757575756,3.5711999761335775,19.853049790486693,2.856960037102302,1.8561326,0.02560001,0.00023695284,0.5583918,0.18013127,0.8168693,0.0,1.0
1590000,6.5272894,0.5880271,1.2775074,451.2,2.881533316274484,25.272908426076174,2.3052266776561736,1.2451202,0.027541839,0.00023654108,0.45770606,0.1418328,0.8423242,0.0,1.0
1600000,7.0031652,0.66400754,1.2781415,430.53846153846155,3.2226076608953567,16.09907106310129,2.5780861670008073,1.738158,0.021420483,0.00023613132,0.45173952,0.13946669,0.8447251,0.0,1.0
1610000,5.7683163,0.4253293,1.2780355,615.5555555555555,2.9950222418540053,26.10612714118583,2.396017888560891,1.392346,0.020570954,0.00023571745,0.45744646,0.1406744,0.84361583,0.0,1.0
1620000,5.658143,0.45319954,1.2767932,280.85714285714283,4.064000011483828,18.269731033903856,3.251200045645237,1.0361248,0.021890124,0.0002353065,0.43492278,0.13192114,0.8486974,0.0,1.0
1630000,5.535689,0.4481356,1.275795,516.9583333333334,2.39904169846947,18.31174215503658,1.9192333856287103,1.2453806,0.026021264,0.00023489501,0.39275083,0.115982786,0.8615154,0.0,1.0
1640000,6.892801,0.66488993,1.2765623,436.51724137931035,2.838655156693582,17.444084582208045,2.2709241920504075,1.1658833,0.020134412,0.00023448434,0.45021144,0.14178027,0.85072774,0.0,1.0
1650000,5.0132003,0.3054994,1.2770642,672.0,1.5496888152427144,20.679810909761322,1.239751163456175,1.1774135,0.019934023,0.00023407377,0.39622143,0.11718808,0.8630158,0.0,1.0
1660000,7.316419,0.687458,1.2777007,491.53333333333336,3.1745066974312066,28.70180913982913,2.539605388169487,1.9685099,0.026509125,0.00023366274,0.49295315,0.1583011,0.84075135,0.0,1.0
1670000,6.2648478,0.5490095,1.2790265,478.0,2.774921701492175,20.37278388813138,2.2199374168463377,1.4871292,0.02414956,0.00023325163,0.45537803,0.14223534,0.848858,0.0,1.0
1680000,5.3058023,0.39868134,1.2793394,487.1818181818182,3.5595801293849947,22.121974930167198,2.8476641938090324,1.1610147,0.020759929,0.00023284141,0.4039044,0.12402836,0.8607041,0.0,1.0
1690000,5.0923386,0.3486323,1.2789338,715.7333333333333,1.7950374803040177,27.582419424084947,1.4360300649423152,1.1387732,0.0236432,0.00023243144,0.37717906,0.11383603,0.8677861,0.0,1.0
1700000,6.3919115,0.5708222,1.2805667,499.5833333333333,3.052499962815394,19.988313568988815,2.4419999830424786,1.5330633,0.029473841,0.00023201953,0.44567326,0.14063485,0.8514825,0.0,1.0
1710000,6.523631,0.5623003,1.278974,498.72222222222223,2.538833260536194,25.21304237057403,2.031066684052348,1.4090552,0.025371658,0.0002316089,0.47738093,0.15416902,0.84492093,0.0,1.0
1720000,6.4306397,0.556647,1.2783248,427.4,3.3691428518366244,16.25186255991104,2.6953143395838284,None,None,None,None,None,None,None,1.0
1730000,5.505086,0.4275304,1.2767547,509.45454545454544,2.671818187798966,21.65904234667224,2.137454637072303,1.4349988,0.02031044,0.00023119868,0.4320231,0.13435651,0.8514175,0.0,1.0
1740000,5.7577486,0.49361563,1.2767133,473.9,3.0255100511014463,24.725790013652293,2.420408064313233,1.1127898,0.026116433,0.00023078825,0.41398945,0.1275744,0.8591298,0.0,1.0
1750000,5.9193707,0.52254194,1.2778138,483.6842105263158,3.2505789616782415,16.00183644165334,2.6004632254572293,1.300188,0.022318661,0.0002303784,0.39814144,0.121564575,0.863442,0.0,1.0
1760000,5.8284197,0.44640902,1.2778896,526.0,2.3703666726748147,16.42482882817664,1.8962933920944731,1.3031603,0.026738642,0.00022996745,0.41078123,0.12601982,0.8596818,0.0,1.0
1770000,6.648175,0.6119706,1.2782364,377.81481481481484,3.510459254875227,23.57182686406843,2.8083674579306885,1.6917663,0.017994134,0.00022955704,0.43411222,0.13641986,0.8551386,0.0,1.0
1780000,5.867948,0.5076361,1.2782961,453.7142857142857,3.355257193424872,17.24737863969945,2.684205824775355,1.6181351,0.021751394,0.00022914684,0.45754302,0.14403372,0.84539425,0.0,1.0
1790000,6.387837,0.6036657,1.2786835,384.03333333333336,3.281993370006482,15.888760141415212,2.6255947439620893,1.3013828,0.0216681,0.00022873614,0.42374742,0.12894362,0.85616404,0.0,1.0
1800000,5.2184663,0.44329348,1.278904,482.1666666666667,3.267216708821555,20.356167022837326,2.6137734688818455,1.2697303,0.016878657,0.0002283248,0.43016747,0.13199145,0.8567811,0.0,1.0
1810000,5.9454374,0.55155545,1.2800174,535.7727272727273,2.745878271272649,17.95228082395118,2.196702674517165,0.9611232,0.022602735,0.00022791472,0.3850128,0.1139832,0.8642428,0.0,1.0
1820000,5.7019553,0.5232512,1.2813237,484.2307692307692,2.5920153870605507,16.216222884048385,2.0736123382185516,1.3978539,0.02309457,0.00022750259,0.42027807,0.12987448,0.8585454,0.0,1.0
1830000,5.8758826,0.5711567,1.2818236,361.1,3.8882300820201636,21.403595315862912,3.1105840586125852,1.2258027,0.023214485,0.00022708933,0.41834408,0.13177712,0.8599892,0.0,1.0
1840000,5.6358933,0.5382044,1.2817223,433.8695652173913,3.478573885462854,17.048424295514174,2.7828591546934582,1.5317987,0.023223903,0.00022667841,0.44928977,0.14162403,0.84909767,0.0,1.0
1850000,5.822567,0.53527397,1.2825973,451.44444444444446,2.881259260216245,18.161266527173144,2.3050074632521027,1.2483627,0.028048668,0.00022626732,0.40118074,0.12311615,0.8650219,0.0,1.0
1860000,6.193119,0.575069,1.2829572,369.04545454545456,3.721190931444818,19.682047623463653,2.9769527692009103,1.6348565,0.027947862,0.0002258574,0.42258453,0.1335978,0.8583853,0.0,1.0
1870000,6.5726776,0.6449676,1.2830788,541.1818181818181,2.640027288516814,19.017172863537613,2.11202188919891,1.3731321,0.022121346,0.00022544668,0.40427974,0.12420305,0.8627301,0.0,1.0
1880000,6.309108,0.60988003,1.2833788,381.8076923076923,4.242432053089142,18.136468431018294,3.393945704996586,1.6174514,0.026736248,0.0002250347,0.4334122,0.13566385,0.85605353,0.0,1.0
1890000,6.384301,0.6360096,1.283427,404.3181818181818,3.264878264425889,19.889220053960226,2.611902653199175,1.5101365,0.024116231,0.0002246232,0.41840228,0.13102975,0.8605347,0.0,1.0
1900000,6.5585675,0.6691813,1.2832484,347.52,3.6519680485129355,17.459245201149024,2.921574451625347,1.4817071,0.02705493,0.00022420991,0.44524485,0.13689949,0.85099804,0.0,1.0
1910000,6.689527,0.65038544,1.2822407,464.875,3.076291733266165,16.438287599400308,2.4610334178432822,1.26539,0.023597624,0.00022379642,0.44792232,0.13897677,0.8507013,0.0,1.0
1920000,6.058408,0.55771285,1.2805909,417.2631578947368,3.503455567691061,24.465110506875337,2.8027644956277475,1.3204858,0.019895842,0.00022338105,0.4342982,0.1373393,0.8551485,0.0,1.0
1930000,6.1878743,0.5452468,1.2792503,427.0769230769231,3.069785170119118,18.246461682728732,2.4558282236534135,1.1887667,0.021492276,0.0002229689,0.4230815,0.13144512,0.8584343,0.0,1.0
1940000,5.8532085,0.5458209,1.278514,483.9047619047619,3.086914293113209,19.263133217486377,2.4695314949467067,1.2395991,0.026293129,0.00022255724,0.41854995,0.13058816,0.86268556,0.0,1.0
1950000,5.557759,0.53156924,1.2777258,589.1176470588235,2.6455764253349865,22.943698122166097,2.1164611924220535,1.3121147,0.020981092,0.00022214561,0.35711944,0.11009685,0.87953126,0.0,1.0
1960000,5.352861,0.48846173,1.276823,467.7391304347826,2.5751652379074823,15.014155323642468,2.0601322365843733,0.965201,0.019681048,0.00022173474,0.35569614,0.10657413,0.8787347,0.0,1.0
1970000,5.912184,0.6002637,1.2767082,406.04545454545456,3.684327295219356,20.008533248455603,2.947461860254407,1.0993723,0.025761684,0.00022131497,0.37358993,0.112778895,0.87508255,0.0,1.0
1980000,5.620988,0.4835698,1.2761322,474.95,2.8328666846667017,22.618075870382157,2.2662934252903577,1.1677172,0.027493954,0.00022090325,0.4052474,0.12462746,0.8656509,0.0,1.0
1990000,6.402213,0.6263517,1.274847,379.10714285714283,3.5488714461347888,17.326197888415273,2.839097180403769,1.4356177,0.025834613,0.00022049125,0.4720806,0.15098318,0.8465615,0.0,1.0
2000000,4.7005715,0.3309677,1.2742817,664.1818181818181,1.153454557738521,17.98982848743485,0.9227636967870322,0.876297,0.023845984,0.00022008117,0.36464018,0.10898138,0.87483865,0.0,1.0
2010000,5.091593,0.38621104,1.2741195,466.09090909090907,2.8222165815532207,22.049257579259574,2.2577733962486186,0.8863441,0.022804175,0.00021967017,0.36339808,0.11086061,0.87985027,0.0,1.0
2020000,5.7864623,0.5019071,1.274288,583.0,2.008955574421971,22.69008076914017,1.6071645075248346,1.1651349,0.024771031,0.00021925938,0.41867474,0.13148206,0.86499566,0.0,1.0
2030000,6.0263276,0.57567227,1.2739837,427.1923076923077,3.289792645998575,20.411813027949798,2.6318341107280165,1.0912129,0.032227393,0.00021884739,0.42333528,0.13515131,0.8597402,0.0,1.0
2040000,6.868086,0.7120347,1.2733032,361.88461538461536,4.048191974461079,17.974896630346777,3.2385536575317384,1.3641468,0.017962424,0.0002184355,0.43732113,0.1384604,0.8572922,0.0,1.0
2050000,6.9468956,0.71930045,1.2719107,379.14285714285717,3.76258666900297,20.350246505928226,3.0100694044182696,1.5452961,0.020512912,0.00021802432,0.46406287,0.15029067,0.84943223,0.0,1.0
2060000,6.9201303,0.8057202,1.2715524,283.23333333333335,3.7956545766104353,13.511201523498379,3.036523715903362,1.4980241,0.019978821,0.00021761343,0.45250005,0.14528798,0.8540121,0.0,1.0
2070000,5.3031263,0.43284333,1.2713282,479.15384615384613,4.251123020568719,17.847733016707934,3.4008984686090398,0.9045527,0.019821886,0.00021720366,0.35898387,0.11063949,0.87888175,0.0,1.0
2080000,5.4483495,0.4785425,1.2708924,432.0,2.8582814767680786,19.465509527692728,2.286625226614652,None,None,None,None,None,None,None,1.0
2090000,5.743235,0.54649574,1.269604,536.8148148148148,2.6939785457881436,18.71722348865712,2.155182904164706,1.2576984,0.022810508,0.00021679272,0.4014023,0.12585197,0.86817497,0.0,1.0
2100000,5.9162407,0.5860045,1.2673573,161.7058823529412,4.543482401353471,12.877373955924721,3.634785923449432,1.0163338,0.017124882,0.00021638269,0.41098833,0.12586683,0.86293906,0.0,1.0
2110000,6.560107,0.708012,1.2674484,428.6666666666667,3.207133302521525,19.42187288507403,2.565706721648122,0.9762911,0.025822358,0.00021597062,0.38782436,0.12079414,0.871671,0.0,1.0
2120000,5.721549,0.52485585,1.267433,388.88,3.2105760358273985,15.656950554158538,2.5684608455002307,1.2960767,0.021980137,0.00021555867,0.44440642,0.14144288,0.8558482,0.0,1.0
2130000,4.979878,0.39783472,1.2665883,601.4166666666666,1.8979333514968555,21.651984511253733,1.518346710751454,0.90343016,0.019707952,0.00021514768,0.37282747,0.11308363,0.8752792,0.0,1.0
2140000,4.1376486,0.22809163,1.2661933,788.6,0.7109399922192097,24.431089700153098,0.5687520615756512,0.79957336,0.024774771,0.00021473467,0.35762513,0.110707246,0.88263965,0.0,1.0
2150000,6.0318117,0.6101711,1.2662244,429.72222222222223,2.6624486628617787,18.258000199670427,2.1299589919681483,0.62511843,0.019186493,0.00021432356,0.3217707,0.09714209,0.8909277,0.0,1.0
2160000,6.213895,0.65702385,1.2653207,357.73333333333335,3.308253353089094,16.296088751079516,2.6466027506937584,1.686502,0.025067953,0.00021391173,0.44750828,0.13956372,0.85799915,0.0,1.0
2170000,6.4201245,0.71766543,1.2639534,195.05555555555554,4.804355455769433,15.8620206338043,3.8434844646188946,1.0425762,0.021208623,0.00021350184,0.40931517,0.12904264,0.86594474,0.0,1.0
2180000,6.442529,0.6210509,1.2647378,471.53125,2.965443792170845,19.79196146643153,2.3723550534341484,1.249693,0.029843366,0.00021309046,0.43021524,0.13576263,0.8616705,0.0,1.0
2190000,6.5488453,0.64992917,1.2659514,385.962962962963,3.317088914828168,18.637537063623313,2.653671184623683,1.0975564,0.026952343,0.0002126776,0.42964557,0.13537736,0.85977286,0.0,1.0
2200000,6.861571,0.7523323,1.2657642,312.15384615384613,4.110284649408781,14.58695838899495,3.2882277284963775,1.3101822,0.019342668,0.00021226142,0.44954258,0.14325394,0.8544935,0.0,1.0
2210000,6.317013,0.6911926,1.2647794,442.8076923076923,3.018146151390213,15.253510713964575,2.414516995016199,1.2208494,0.026493104,0.00021185122,0.45519072,0.14665337,0.8526288,0.0,1.0
2220000,5.90516,0.6431807,1.2645489,400.05555555555554,3.765966640992297,18.692651875420577,3.0127734115554228,1.0946916,0.029080141,0.00021143966,0.40829727,0.13040137,0.8663559,0.0,1.0
2230000,5.5416265,0.56831664,1.2648407,409.84615384615387,3.4356461942482452,16.162204065467588,2.748516995889636,0.85445845,0.02232188,0.00021102901,0.38606405,0.12125959,0.8718239,0.0,1.0
2240000,5.5391493,0.57634264,1.2652513,430.75,3.179431989043951,18.556309077904444,2.543545686453581,1.1935976,0.025001656,0.00021061908,0.39935616,0.12366856,0.87021,0.0,1.0
2250000,5.1445565,0.5083497,1.2665385,459.7368421052632,2.960757970221733,17.713651858178263,2.36860638837281,1.0424403,0.023085654,0.00021020872,0.41187733,0.12921695,0.86694485,0.0,1.0
2260000,5.270977,0.55775213,1.2679974,595.2631578947369,2.2987683674222543,20.66019448717615,1.8390147597774078,0.70905674,0.022372635,0.0002097972,0.35790235,0.11227907,0.8821723,0.0,1.0
2270000,6.109024,0.692878,1.2687347,385.64285714285717,3.1850785990910873,17.999895846786135,2.5480628746694753,1.1315063,0.018773248,0.00020938592,0.40028897,0.12591323,0.8685197,0.0,1.0
2280000,5.715638,0.59516156,1.268142,499.7391304347826,2.519556512489267,18.4462844388934,2.0156452365867468,0.94091016,0.022475462,0.00020897479,0.4347236,0.13810727,0.8598427,0.0,1.0
2290000,5.348114,0.4893086,1.2661535,312.6666666666667,4.102517640327706,15.798264249049893,3.2820141168639942,1.0195147,0.030484958,0.00020855792,0.4269188,0.13810754,0.86204326,0.0,1.0
2300000,5.250619,0.5469044,1.2648162,411.5263157894737,3.7871556385523744,18.11687073077903,3.029724547225568,0.743139,0.020807207,0.00020814798,0.38352615,0.121262416,0.87424606,0.0,1.0
2310000,5.602391,0.5653753,1.263483,614.0869565217391,2.0775749849465988,29.343356878081977,1.662060040825357,0.97790563,0.018264454,0.00020773715,0.431821,0.13590935,0.86038136,0.0,1.0
2320000,5.810432,0.5958626,1.261497,367.8709677419355,3.341174247043748,16.466309120991237,2.6729394234716892,0.88983387,0.02344911,0.00020732741,0.42101064,0.13155535,0.86127245,0.0,1.0
2330000,4.9788857,0.47884303,1.2604095,376.2,3.2898399869600934,15.957276400675376,2.631872051457564,0.9315263,0.027534848,0.00020691527,0.42902672,0.13411565,0.8600136,0.0,1.0
2340000,5.016582,0.48383993,1.2599318,504.8095238095238,2.589828514804443,18.72741270501588,2.0718628733995414,0.71797377,0.025206583,0.00020650197,0.3674146,0.11397609,0.87802416,0.0,1.0
2350000,5.5495796,0.5968425,1.2589984,449.8636363636364,3.0454608647395736,23.895039567653008,2.4363687754325243,1.1530979,0.022589577,0.00020608852,0.42926776,0.13325725,0.8643728,0.0,1.0
2360000,5.5119405,0.55566406,1.2578241,502.6521739130435,2.757513100200373,20.332084905453602,2.206010497296634,0.89732546,0.023329377,0.00020567846,0.377121,0.116164364,0.8760559,0.0,1.0
2370000,5.0322113,0.52047235,1.2576278,401.3181818181818,3.2344273440539837,15.173732767685909,2.5875418948178943,0.99016356,0.02329395,0.00020526435,0.39039433,0.120541446,0.8755795,0.0,1.0
2380000,6.020004,0.7056227,1.2582308,378.65625,3.5643515169168962,17.767203480021138,2.851481243742235,1.5022919,0.025266951,0.00020485315,0.42709535,0.13346943,0.8612036,0.0,1.0
2390000,5.8127394,0.77484536,1.256685,324.86486486486484,3.6200353130698204,13.854467038640424,2.896028295707177,1.2390178,0.02303695,0.00020443744,0.413737,0.13209933,0.8661493,0.0,1.0
2400000,5.278004,0.6428323,1.256495,343.27272727272725,3.729792343166012,12.820574534206221,2.983833895996213,0.79911786,0.029330451,0.00020402757,0.38569388,0.118538946,0.872745,0.0,1.0
2410000,5.016323,0.6000349,1.2570127,453.6470588235294,3.884042872914246,18.95372079729194,3.1072342624621734,0.60905236,0.022953328,0.00020361596,0.3304144,0.101701565,0.8915786,0.0,1.0
2420000,5.47316,0.72779316,1.2571747,535.6538461538462,3.3444692741792936,20.006255390906993,2.6755754417524886,1.0578995,0.018130438,0.0002032025,0.3854969,0.12310673,0.87765974,0.0,1.0
2430000,5.41385,0.6434358,1.256897,341.10526315789474,2.7503728299317034,15.561062199338762,2.2002982417629524,None,None,None,None,None,None,None,1.0
2440000,5.954593,0.7487455,1.2567036,407.625,3.7585250274278224,17.610260452068662,3.006820086079339,0.9976356,0.026394097,0.00020279273,0.37923527,0.11743019,0.87520415,0.0,1.0
2450000,6.1500125,0.8080746,1.2570075,452.13793103448273,3.167965564619878,18.071598952025944,2.534372496193853,1.0281118,0.024047153,0.00020238185,0.39553788,0.12548193,0.8742336,0.0,1.0
2460000,5.616762,0.69345105,1.257577,410.45454545454544,3.45270913686942,17.14868022774185,2.762167355384339,0.92686284,0.029817482,0.00020196989,0.4021317,0.12906477,0.87068504,0.0,1.0
2470000,5.5676017,0.6578675,1.2575979,329.03846153846155,3.7486297169493303,15.308234510733234,2.9989037728971906,0.8020132,0.02627519,0.00020155856,0.39116722,0.12444921,0.8735089,0.0,1.0
2480000,5.953322,0.7473848,1.2567012,350.06451612903226,3.520283911857874,15.11118876979491,2.8162271511410513,1.0103451,0.018290665,0.00020114655,0.4169982,0.1332806,0.8668887,0.0,1.0
2490000,5.7852044,0.7594958,1.2562709,407.0,3.5578620210289955,17.974051199416863,2.846289691483152,1.0267653,0.023437403,0.00020073497,0.4430938,0.14304534,0.8583794,0.0,1.0
2500000,4.9963646,0.526526,1.2563971,480.0,3.1556000248952345,19.009188193150543,2.524480028924617,0.7551106,0.02192625,0.0002003237,0.4158911,0.13206773,0.8669256,0.0,1.0
2510000,5.0124426,0.51983595,1.2566605,552.9375,2.8839625432156026,25.802807581814704,2.3071700795553625,0.5351763,0.02244071,0.00019991245,0.3232029,0.098239854,0.8923398,0.0,1.0
2520000,5.47526,0.6947435,1.2572852,475.53125,2.961262501659803,19.034454143045537,2.369010045658797,1.0287555,0.03272988,0.000199502,0.37562406,0.11533839,0.8792413,0.0,1.0
2530000,5.206022,0.5738677,1.2578175,406.0,3.1647810137697627,19.654789471976983,2.5318248243558976,0.84900314,0.02130003,0.00019909217,0.40537184,0.12813191,0.87125087,0.0,1.0
2540000,4.684272,0.3907773,1.2581774,555.3636363636364,2.625981866974722,17.056526014709313,2.1007855236530304,0.723489,0.024447016,0.00019868051,0.37651557,0.116908446,0.8803091,0.0,1.0
2550000,5.3947415,0.57513714,1.2586273,485.17391304347825,2.7750260936825173,21.328741827837963,2.2200208973625433,0.67532694,0.020617701,0.00019826644,0.3380313,0.10558772,0.8886894,0.0,1.0
2560000,5.481415,0.61676234,1.2589068,498.6666666666667,3.3896371222756527,26.271663269066874,2.7117096988691225,1.0090402,0.026118966,0.00019785545,0.41723573,0.12841095,0.8689242,0.0,1.0
2570000,5.327792,0.6055348,1.258977,381.3809523809524,3.6657333907981715,13.49656489283024,2.9325867630541325,0.96624815,0.0298864,0.00019744498,0.39777967,0.12553425,0.8733207,0.0,1.0
2580000,5.3083515,0.5988133,1.2590461,414.6818181818182,3.2211454673246904,19.81308662416731,2.5769164958460764,0.867997,0.021982277,0.00019703335,0.3991155,0.12640612,0.87296265,0.0,1.0
2590000,5.318123,0.69749576,1.2587726,446.9,2.885799987614155,17.681390346159848,2.308640027542909,0.7819433,0.028791614,0.0001966226,0.37052295,0.118785515,0.8826404,0.0,1.0
2600000,5.335557,0.6323387,1.2588165,368.96,3.6305200600624086,14.54096547849942,2.904416077286005,1.0426899,0.022380559,0.00019621063,0.41293767,0.13013266,0.8688735,0.0,1.0
2610000,4.8138475,0.5228279,1.2599053,504.06666666666666,2.828680010388295,17.751910881845593,2.262944026539723,0.55784297,0.021289708,0.00019580078,0.34164912,0.10685046,0.8908262,0.0,1.0
2620000,4.616771,0.45131868,1.2609388,448.375,3.0730353869936047,18.415455992443157,2.4584283541668865,0.5744492,0.02481079,0.00019538622,0.3478513,0.107563406,0.8883497,0.0,1.0
2630000,4.69517,0.54662824,1.2610238,518.9615384615385,2.365146182047633,17.71491930673633,1.892117003695323,0.73803294,0.021909289,0.00019497582,0.3664707,0.11382913,0.8834948,0.0,1.0
2640000,5.2442484,0.62085193,1.2602824,347.2,3.6521440294384955,14.39266813255963,2.921715253442526,0.7919309,0.017246047,0.00019456391,0.3936404,0.12616204,0.8744393,0.0,1.0
2650000,4.917266,0.52302295,1.2589833,464.6190476190476,2.8680666887334416,17.753251643640745,2.294453419390179,0.7155129,0.028326202,0.00019414724,0.38237908,0.119714744,0.8793538,0.0,1.0
2660000,4.8800545,0.57429934,1.2577571,459.8181818181818,2.948700039901517,18.324144378770143,2.3589600678533316,0.5989094,0.029957993,0.00019373329,0.36815205,0.11367651,0.88222945,0.0,1.0
2670000,5.163477,0.54402995,1.2567462,384.7,3.1638381220400333,16.515704256626556,2.531070560749088,0.640627,0.02371705,0.00019332267,0.38631013,0.12241525,0.8767566,0.0,1.0
2680000,5.2072334,0.51815766,1.2568088,581.1739130434783,2.0268608882375387,21.505859654700465,1.6214887569455996,0.88300997,0.02505978,0.0001929061,0.40852588,0.12810767,0.86972064,0.0,1.0
2690000,5.2569847,0.59724253,1.2565457,442.6363636363636,3.193190983242609,22.265244339296427,2.554552802138708,0.8954712,0.020938309,0.00019249426,0.413171,0.1329845,0.8690721,0.0,1.0
2700000,5.1145167,0.5814997,1.2550668,394.05,3.3553400391712787,17.945057684998027,2.684272086247802,0.81503385,0.023023251,0.00019208442,0.38460195,0.12054036,0.8758368,0.0,1.0
2710000,5.074378,0.60861045,1.2545117,447.52,3.1518640863895415,18.219685791078955,2.521491281837225,0.6943107,0.024611492,0.00019167314,0.35929477,0.11409424,0.8836318,0.0,1.0
2720000,5.132623,0.61722636,1.2540762,416.65384615384613,3.4289076824027758,16.662360269052442,2.7431262235801954,0.81609917,0.028449751,0.00019125864,0.37410277,0.11891804,0.87902606,0.0,1.0
2730000,5.237358,0.71785253,1.2542529,378.2692307692308,3.4913555942475796,17.113359418904615,2.7930845443021366,0.9016334,0.022270696,0.00019084432,0.4195555,0.13435473,0.8667527,0.0,1.0
2740000,4.809432,0.64240307,1.2541198,449.6818181818182,3.453154509379105,14.816004257912027,2.7625236639922317,0.7115972,0.030160712,0.00019043437,0.36905664,0.1167082,0.8814352,0.0,1.0
2750000,5.3947268,0.8299225,1.2540139,278.64285714285717,3.838965928863461,15.26701210642577,3.0711727673869307,1.145536,0.02187272,0.00019002269,0.43522662,0.13928995,0.8631513,0.0,1.0
2760000,5.1417875,0.7420524,1.2516387,366.375,3.8158083790913224,16.501557210633717,3.0526467476350567,0.9757378,0.024734994,0.00018961268,0.42410007,0.13593152,0.864232,0.0,1.0
2770000,5.018896,0.71689093,1.2508506,392.1923076923077,3.5293083720219633,16.360669896216677,2.823446722701192,0.888209,0.017403847,0.00018920045,0.40662357,0.13107313,0.8692211,0.0,1.0
2780000,5.250321,0.7989234,1.2512684,303.2916666666667,4.009971470705101,15.208610433621548,3.20797717012465,None,None,None,None,None,None,None,1.0
2790000,4.5268583,0.64198667,1.2516755,495.05,3.0043299892917275,18.99514413982979,2.403464023582637,0.68205124,0.026573868,0.00018878882,0.40946007,0.13250487,0.8668736,0.0,1.0
2800000,4.655424,0.5567901,1.2531813,482.5,2.9259272759610955,18.868322077137154,2.3407418187707663,0.6749752,0.027023818,0.000188375,0.34878662,0.11112299,0.8885076,0.0,1.0
2810000,4.5645623,0.61439097,1.2538549,340.45454545454544,3.295236375690861,14.477308139046892,2.6361891625618394,0.8294417,0.027087282,0.00018796389,0.37313193,0.116508834,0.87974095,0.0,1.0
2820000,4.8043785,0.66750884,1.254558,486.5,2.727107117883861,19.054842978840107,2.181685750239662,0.51707095,0.021273484,0.00018755284,0.3274184,0.10362949,0.89302236,0.0,1.0
2830000,4.8839173,0.640356,1.2544659,362.6296296296296,3.3404074447850385,15.08437013741153,2.6723259520475513,0.8292535,0.023592778,0.00018714092,0.37733746,0.12120029,0.8797475,0.0,1.0
2840000,4.8204765,0.6442191,1.2539759,395.0416666666667,3.070634775025689,12.458043597071715,2.456507846389128,0.81297,0.025773147,0.00018672977,0.37293774,0.12037291,0.8812903,0.0,1.0
2850000,4.560859,0.5939972,1.2531896,473.5263157894737,3.5435399677604438,16.33377423625516,2.834832046739757,0.8440443,0.018515809,0.00018631907,0.3660027,0.11937169,0.8838432,0.0,1.0
2860000,4.708477,0.63467664,1.2528007,385.95652173913044,3.7439304462269596,17.475452327889048,2.995144427632508,0.5758174,0.025426151,0.00018590828,0.33102173,0.10039539,0.89372796,0.0,1.0
2870000,4.89101,0.6598646,1.2521663,383.1666666666667,3.1915040412545204,18.830954512245224,2.553203255534172,0.8075444,0.02436269,0.0001854973,0.36309683,0.11586776,0.88447803,0.0,1.0
2880000,5.078737,0.711695,1.2513463,514.4230769230769,2.9465230521387777,20.028923827946038,2.357218491773193,0.74308455,0.02173915,0.00018508446,0.3811356,0.120683536,0.8780939,0.0,1.0
2890000,5.184946,0.73423946,1.250012,380.34615384615387,3.4652692436312256,17.017396127154196,2.7722154335620313,0.7657046,0.017401554,0.00018467248,0.3967068,0.12604031,0.87342817,0.0,1.0
2900000,4.963163,0.65098614,1.2488114,401.6363636363636,3.2341728027571333,15.33819720235558,2.58733822490004,0.8235915,0.024756456,0.0001842608,0.39294004,0.12647681,0.8745649,0.0,1.0
2910000,4.952476,0.6037777,1.2486727,503.94117647058823,2.4366234920042404,16.895599695626196,1.949298869161045,0.6610947,0.02443692,0.00018384964,0.37074625,0.116834976,0.8810889,0.0,1.0
2920000,4.887884,0.609071,1.248346,447.3888888888889,3.1632111188438206,18.168842849790558,2.5305689883728824,0.5221378,0.022078333,0.00018343965,0.37060222,0.11495926,0.8803834,0.0,1.0
2930000,4.8140874,0.6045281,1.247378,599.1904761904761,1.7811333182312192,24.48443500469529,1.4249066788525808,0.59807163,0.026109787,0.00018302997,0.36688688,0.11525651,0.8802042,0.0,1.0
2940000,4.5389857,0.56870526,1.2465014,389.94736842105266,3.1029800146818163,17.02959532425266,2.482384080439806,0.68220884,0.02263784,0.00018262026,0.35444158,0.11306524,0.8872309,0.0,1.0
2950000,4.922334,0.5849153,1.2460161,453.5833333333333,2.8790833487485847,17.096831385448848,2.30326673341915,0.5863214,0.020448709,0.00018220901,0.34641308,0.10848394,0.8883873,0.0,1.0
2960000,4.846622,0.6105796,1.2453549,441.38461538461536,3.2118692376579228,21.719735112595746,2.56949544712328,0.6892587,0.022282295,0.0001817976,0.38782826,0.12239836,0.87739676,0.0,1.0
2970000,4.5681615,0.6055387,1.2440515,393.69565217391306,3.083956573806379,13.488791160660975,2.467165257457806,0.6763429,0.023850529,0.0001813839,0.39890784,0.12671304,0.875033,0.0,1.0
2980000,4.106137,0.4946478,1.2438835,440.2,3.0159375057555735,17.69066080382754,2.4127500515896827,0.46282417,0.02805456,0.00018097361,0.3017915,0.09620721,0.9011997,0.0,1.0
2990000,4.2031927,0.47057125,1.2438608,580.0588235294117,1.9489999829481046,15.1972698856783,1.5592000569320388,0.5285744,0.022628736,0.0001805638,0.30753142,0.09551792,0.9025161,0.0,1.0
3000000,4.6239004,0.5347216,1.2428038,589.25,2.2673000021438514,19.662797033061256,1.8138400631557619,0.6108605,0.018548893,0.00018015226,0.3299586,0.10084597,0.8912046,0.0,1.0
3010000,4.775867,0.5842882,1.2414262,213.57142857142858,4.309666680438178,14.265152593808514,3.4477334391503107,0.6176187,0.022801897,0.00017974208,0.37743914,0.1183805,0.87924594,0.0,1.0
3020000,4.224926,0.49820063,1.2418565,574.3913043478261,2.1293636849996718,20.550728599921886,1.7034909852187743,0.7058491,0.023328166,0.00017932859,0.34579322,0.10972258,0.88917214,0.0,1.0
3030000,4.072624,0.48727602,1.242685,518.1578947368421,2.5036799961701037,19.984261589476365,2.0029440550133586,0.49078742,0.024751801,0.00017891887,0.2981976,0.09295376,0.9046253,0.0,1.0
3040000,4.0125437,0.49345767,1.2423859,370.1764705882353,3.497133273217413,13.094923040883637,2.797706668575605,0.7436453,0.021047449,0.0001785072,0.32011196,0.09814762,0.89729476,0.0,1.0
3050000,4.3340507,0.5081383,1.2428715,494.1111111111111,2.468207399740263,16.180465533337728,1.9745659840603669,0.61831695,0.023587158,0.00017809743,0.33859703,0.10657602,0.891258,0.0,1.0
3060000,4.620327,0.55638236,1.2430009,347.5,3.6518800258636475,16.56229650899768,2.921504082158208,0.8083601,0.024312645,0.00017768702,0.38205397,0.12134042,0.877571,0.0,1.0
3070000,4.7087173,0.58482647,1.2437626,434.1923076923077,3.026776942352836,20.258773952330767,2.4214216050906825,0.5064161,0.024034675,0.00017727645,0.35461944,0.110781714,0.8879062,0.0,1.0
3080000,4.9186788,0.6978965,1.2439215,375.1515151515151,3.109072758957292,15.21970971682155,2.4872582391130202,0.73043686,0.024971303,0.00017686591,0.35469934,0.11063281,0.88842195,0.0,1.0
3090000,4.5314384,0.5401484,1.2434347,439.4,3.0105578250398763,13.870002383164989,2.4084463395962588,0.60963786,0.02816568,0.0001764549,0.34569108,0.1093252,0.89080507,0.0,1.0
3100000,4.6879497,0.56906414,1.2436222,387.60869565217394,3.3363166394022605,15.940545408585118,2.669053335674107,0.57222575,0.025803722,0.00017604431,0.35335112,0.11121635,0.88564545,0.0,1.0
